delivery_date,hours_in_day,baseline_margin_eur,optimized_margin_eur,absolute_improvement_eur,percent_improvement,baseline_efc,optimized_efc,baseline_grid_charge_mwh,optimized_grid_charge_mwh,baseline_grid_discharge_mwh,optimized_grid_discharge_mwh,minimum_price_eur_per_mwh,maximum_price_eur_per_mwh,daily_price_spread_eur_per_mwh
2024-01-01,24,56.28157894736842,57.4130469529086,1.131468005540178,2.0103700477171538,0.8,2.201315789473685,1.6842105263157896,4.634349030470914,1.52,4.1825,-0.05,58.0,58.05
2024-01-02,24,86.06044210526316,129.99901184210526,43.9385697368421,51.055477594571826,0.8,1.675,1.6842105263157896,3.526315789473684,1.52,3.1825,7.43,83.46,76.03
2024-01-03,24,76.22560000000001,79.99166980609418,3.7660698060941655,4.9406889628867,0.8,2.2526315789473683,1.6842105263157896,4.742382271468144,1.52,4.279999999999999,-1.38,82.97,84.35
2024-01-04,24,113.38894736842106,133.2460210526316,19.857073684210533,17.512353844939874,0.8,1.2,1.6842105263157896,2.5263157894736845,1.52,2.2800000000000002,25.48,144.65,119.17
2024-01-05,24,27.76393684210528,32.737873684210555,4.9739368421052745,17.91509925408731,0.8,1.2,1.6842105263157896,2.5263157894736845,1.52,2.2800000000000002,73.21,108.45,35.24000000000001
2024-01-06,24,26.368947368421033,30.44444210526315,4.075494736842117,15.455659567673358,0.8,1.2,1.6842105263157896,2.5263157894736845,1.52,2.2800000000000002,73.01,104.27,31.25999999999999
2024-01-07,24,26.215999999999994,30.79995789473685,4.583957894736855,17.485344426063687,0.8,1.2,1.6842105263157896,2.5263157894736845,1.52,2.2800000000000002,71.86,104.85,32.989999999999995
2024-01-08,24,49.84924210526316,78.4732342105263,28.62399210526314,57.4211179476307,0.8,1.675,1.6842105263157896,3.526315789473684,1.52,3.1825,78.48,130.01,51.52999999999999
2024-01-09,24,53.008863157894766,85.43035789473687,32.42149473684211,61.16240342727192,0.8,1.6,1.6842105263157896,3.3684210526315788,1.52,3.04,84.14,137.84,53.7
2024-01-10,24,55.353789473684216,97.8391157894737,42.48532631578948,76.75233569327256,0.8,1.6,1.6842105263157896,3.3684210526315788,1.52,3.04,86.09,143.79,57.69999999999999
2024-01-11,24,54.249094736842125,112.22362105263156,57.97452631578943,106.86726957752764,0.8,2.0,1.6842105263157896,4.210526315789474,1.52,3.8000000000000003,81.95,150.09,68.14
2024-01-12,24,44.95808421052634,86.40972631578948,41.45164210526315,92.20064162689076,0.8,1.6,1.6842105263157896,3.3684210526315788,1.52,3.04,84.34,140.74,56.400000000000006
2024-01-13,24,-5.070968421052619,22.25360110803326,27.324569529085878,,0.8,1.4526315789473685,1.6842105263157896,3.0581717451523547,1.52,2.7600000000000002,63.16,90.0,26.840000000000003
2024-01-14,24,32.71898947368421,35.85298947368421,3.1340000000000003,9.578535432827678,0.8,0.8,1.6842105263157896,1.6842105263157896,1.52,1.52,62.11,96.97,34.86
2024-01-15,24,45.17023157894735,57.56833684210525,12.398105263157902,27.447513173557276,0.8,1.6,1.6842105263157896,3.368421052631579,1.52,3.04,62.04,112.8,50.76
2024-01-16,24,54.16303157894737,119.62898947368421,65.46595789473685,120.8683413507135,0.8,1.6,1.6842105263157896,3.3684210526315788,1.52,3.04,76.97,144.11,67.14000000000001
2024-01-17,24,53.40717894736842,77.99014736842106,24.58296842105264,46.02933333228217,0.8,0.8,1.6842105263157896,1.6842105263157896,1.52,1.52,69.47,140.52,71.05000000000001
2024-01-18,24,27.34612631578947,76.34360000000002,48.997473684210554,179.17518963524915,0.8,1.6,1.6842105263157896,3.368421052631579,1.52,3.04,73.61,125.89,52.28
2024-01-19,24,27.082757894736858,67.36600000000001,40.283242105263156,148.7412849970188,0.8,2.0,1.6842105263157896,4.2105263157894735,1.52,3.8000000000000003,62.76,104.27,41.51
2024-01-20,24,37.212715789473684,41.75833684210527,4.5456210526315886,12.215235991771939,0.8,1.3263157894736841,1.6842105263157896,2.7922437673130194,1.52,2.52,61.75,99.87,38.120000000000005
2024-01-21,24,15.858589473684212,51.44080000000001,35.5822105263158,224.37184962358106,0.8,2.0,1.6842105263157896,4.210526315789474,1.52,3.8000000000000003,37.69,66.83,29.14
2024-01-22,24,68.5363789473684,95.750832132964,27.214453185595602,39.70804061080405,0.8,1.726315789473684,1.6842105263157896,3.634349030470914,1.52,3.2800000000000002,5.04,77.35,72.30999999999999
2024-01-23,24,91.75600000000001,113.66309473684214,21.907094736842126,23.8753811596431,0.8,2.0,1.6842105263157896,4.2105263157894735,1.52,3.8000000000000003,4.17,84.51,80.34
2024-01-24,24,50.634168421052635,74.30789473684212,23.67372631578948,46.75444873297541,0.8,2.0,1.6842105263157896,4.210526315789474,1.52,3.8000000000000003,-4.84,54.21,59.05
2024-01-25,24,65.79080000000002,93.06309473684209,27.27229473684207,41.45305230646544,0.8,1.6,1.6842105263157896,3.3684210526315788,1.52,3.04,43.34,123.38,80.03999999999999
2024-01-26,24,-4.152905263157912,39.954336288088655,44.10724155124657,,0.8,1.4013157894736843,1.6842105263157896,2.9501385041551247,1.52,2.6625,46.47,76.59,30.120000000000005
2024-01-27,24,36.48665263157896,57.875178947368425,21.388526315789463,58.62013852506116,0.8,1.6,1.6842105263157896,3.368421052631579,1.52,3.04,53.88,95.95,42.07
2024-01-28,24,10.633915789473697,50.29143157894737,39.65751578947367,372.9342659336259,0.8,1.2,1.6842105263157896,2.5263157894736845,1.52,2.2800000000000002,40.09,77.84,37.75
2024-01-29,24,65.20197894736842,109.82818947368423,44.626210526315816,68.44303078950789,0.8,1.6,1.6842105263157896,3.368421052631579,1.52,3.04,47.26,127.42,80.16
2024-01-30,24,30.012673684210533,58.48993684210526,28.477263157894726,94.88412614460412,0.8,1.6,1.6842105263157896,3.3684210526315788,1.52,3.04,67.18,99.23,32.05
2024-01-31,24,32.82536842105263,104.55031578947373,71.7249473684211,218.50462254802943,0.8,1.6,1.6842105263157896,3.368421052631579,1.52,3.04,39.73,119.93,80.20000000000002
2024-02-01,24,47.52648421052632,84.98216842105265,37.45568421052633,78.81013046243913,0.8,2.0,1.6842105263157896,4.210526315789474,1.52,3.8000000000000003,41.12,97.89,56.77
2024-02-02,24,25.494168421052642,74.67789473684212,49.18372631578948,192.92147719230726,0.8,2.0,1.6842105263157896,4.210526315789474,1.52,3.8000000000000003,36.05,89.32,53.269999999999996
2024-02-03,24,61.43117894736842,95.83956973684212,34.4083907894737,56.011281858929195,0.8,2.4750000000000005,1.6842105263157896,5.2105263157894735,1.52,4.702500000000001,6.73,68.57,61.83999999999999
2024-02-04,24,63.76576842105265,101.80187368421052,38.03610526315787,59.64972461713489,0.8,2.0,1.6842105263157896,4.2105263157894735,1.52,3.8000000000000003,0.0,46.01,46.01
2024-02-05,24,61.12206315789476,153.07338947368422,91.95132631578946,150.4388457540355,0.8,2.0,1.6842105263157896,4.2105263157894735,1.52,3.8000000000000003,-0.13,68.78,68.91
2024-02-06,24,47.0853052631579,104.87012631578949,57.78482105263159,122.72368359868227,0.8,2.0,1.6842105263157896,4.210526315789474,1.52,3.8000000000000003,1.94,68.16,66.22
2024-02-07,24,87.32715789473684,107.50570526315792,20.17854736842108,23.106840821207154,0.8,2.0,1.6842105263157896,4.2105263157894735,1.52,3.8000000000000003,34.15,136.22,102.07
2024-02-08,24,22.435936842105264,79.66713573407206,57.2311988919668,255.08718131422827,0.8,1.3263157894736843,1.6842105263157896,2.7922437673130194,1.52,2.52,65.98,133.15,67.17
2024-02-09,24,37.516,45.99974736842106,8.483747368421064,22.613677813255848,0.8,1.2,1.6842105263157896,2.5263157894736845,1.52,2.2800000000000002,49.96,95.45,45.49
2024-02-10,24,22.082042105263177,35.26797894736841,13.185936842105235,59.71339416548985,0.8,1.6,1.6842105263157896,3.368421052631579,1.52,3.04,63.1,88.95,25.85
2024-02-11,24,28.85545263157894,35.17130526315789,6.315852631578949,21.88790005209269,0.8,1.2,1.6842105263157896,2.5263157894736845,1.52,2.2800000000000002,43.64,80.74,37.099999999999994
2024-02-12,24,40.182652631578954,89.51536842105264,49.33271578947369,122.77117750734017,0.8,1.6,1.6842105263157896,3.3684210526315788,1.52,3.04,59.21,104.0,44.79
2024-02-13,24,41.737957894736844,75.60614736842109,33.86818947368425,81.1448168094372,0.8,2.0,1.6842105263157896,4.210526315789474,1.52,3.8000000000000003,60.06,99.88,39.81999999999999
2024-02-14,24,31.639136842105273,43.260252631578965,11.621115789473691,36.73019225356472,0.8,1.6,1.6842105263157896,3.368421052631579,1.52,3.04,54.79,87.58,32.79
2024-02-15,24,26.302989473684214,45.57644210526319,19.273452631578976,73.27476084367447,0.8,1.6,1.6842105263157896,3.368421052631579,1.52,3.04,58.91,87.0,28.090000000000003
2024-02-16,24,25.699284210526315,44.16734736842105,18.468063157894733,71.86216941532673,0.8,1.6,1.6842105263157896,3.368421052631579,1.52,3.04,48.81,77.42,28.61
2024-02-17,24,52.77823157894738,56.157899168975085,3.379667590027708,6.403525637217103,0.8,1.3263157894736841,1.6842105263157896,2.7922437673130194,1.52,2.52,54.62,110.06,55.440000000000005
2024-02-18,24,22.568905263157887,45.7688,23.19989473684211,102.79583553711073,0.8,1.2,1.6842105263157896,2.5263157894736845,1.52,2.2800000000000002,39.88,73.66,33.779999999999994
2024-02-19,24,52.51960000000002,74.48640000000003,21.966800000000013,41.825908803570485,0.8,1.6,1.6842105263157896,3.368421052631579,1.52,3.04,43.04,97.65,54.61000000000001
2024-02-20,24,19.98071578947369,71.46168421052633,51.48096842105264,257.6532741042942,0.8,1.6,1.6842105263157896,3.3684210526315788,1.52,3.04,51.42,90.89,39.47
2024-02-21,24,33.1428,79.05313684210529,45.91033684210529,138.52280689050195,0.8,2.0,1.6842105263157896,4.210526315789474,1.52,3.8000000000000003,35.22,85.11,49.89
2024-02-22,24,62.02313684210527,97.72279999999999,35.699663157894726,57.55862243597378,0.8,1.2,1.6842105263157896,2.5263157894736845,1.52,2.2800000000000002,1.91,81.91,80.0
2024-02-23,24,75.22835789473686,112.27833289473688,37.04997500000002,49.250011613761565,0.8,2.4750000000000005,1.6842105263157896,5.2105263157894735,1.52,4.702500000000001,0.02,86.44,86.42
2024-02-24,24,28.10549473684211,73.66016842105265,45.554673684210535,162.08458207460464,0.8,2.0,1.6842105263157896,4.2105263157894735,1.52,3.8000000000000003,32.22,80.0,47.78
2024-02-25,24,39.478336842105264,54.754084210526315,15.275747368421051,38.69399926728636,0.8,1.6,1.6842105263157896,3.3684210526315788,1.52,3.04,46.03,93.69,47.66
2024-02-26,24,32.657831578947366,57.7060802631579,25.048248684210535,76.69905646876354,0.8,1.675,1.6842105263157896,3.526315789473684,1.52,3.1825,51.8,85.32,33.519999999999996
2024-02-27,24,63.88629473684212,109.59757894736845,45.71128421052633,71.55100229058272,0.8,1.6,1.6842105263157896,3.368421052631579,1.52,3.04,56.87,111.8,54.93
2024-02-28,24,34.093957894736846,98.2899157894737,64.19595789473685,188.29130396927872,0.8,1.6,1.6842105263157896,3.3684210526315788,1.52,3.04,55.12,104.49,49.37
2024-02-29,24,37.48637894736842,60.45084210526319,22.96446315789477,61.260820070504295,0.8,2.0,1.6842105263157896,4.210526315789474,1.52,3.8000000000000003,47.03,86.26,39.230000000000004
2024-03-01,24,34.46248421052633,53.368357894736874,18.905873684210547,54.85928863606379,0.8,1.6,1.6842105263157896,3.3684210526315788,1.52,3.04,57.83,93.73,35.900000000000006
2024-03-02,24,47.32063157894738,53.63162105263158,6.310989473684202,13.336655203249482,0.8,1.6,1.6842105263157896,3.368421052631579,1.52,3.04,54.88,93.6,38.71999999999999
2024-03-03,24,21.781305263157883,38.71442105263157,16.93311578947369,77.74151082724738,0.8,1.2,1.6842105263157896,2.5263157894736845,1.52,2.2800000000000002,42.51,86.96,44.449999999999996
2024-03-04,24,47.127600000000015,97.03336842105266,49.90576842105264,105.89499236339772,0.8,1.6,1.6842105263157896,3.3684210526315788,1.52,3.04,61.1,105.18,44.080000000000005
2024-03-05,24,52.23795789473685,69.6216210526316,17.383663157894745,33.277838297056036,0.8,1.6,1.6842105263157896,3.368421052631579,1.52,3.04,59.86,112.99,53.129999999999995
2024-03-06,24,60.259473684210526,107.67227368421052,47.4128,78.68107220528765,0.8,1.6,1.6842105263157896,3.368421052631579,1.52,3.04,69.29,119.58,50.28999999999999
2024-03-07,24,37.77757894736841,88.79263157894738,51.01505263157897,135.0405559410066,0.8,1.6,1.6842105263157896,3.368421052631579,1.52,3.04,60.26,105.71,45.449999999999996
2024-03-08,24,19.34538947368422,141.4729263157895,122.12753684210527,631.3004812244122,0.8,1.6,1.6842105263157896,3.368421052631579,1.52,3.04,4.26,95.06,90.8
2024-03-09,24,24.509536842105256,117.65968157894739,93.15014473684212,380.05673194451504,0.8,1.675,1.6842105263157896,3.526315789473684,1.52,3.1825,-5.02,78.02,83.03999999999999
2024-03-10,24,24.987978947368426,111.22751911357341,86.23954016620499,345.12411086886715,0.8,1.7263157894736842,1.6842105263157896,3.634349030470914,1.52,3.2800000000000002,-9.98,66.35,76.33
2024-03-11,24,58.87783157894738,85.93915789473685,27.061326315789472,45.96182568222441,0.8,1.6,1.6842105263157896,3.368421052631579,1.52,3.04,48.93,108.01,59.080000000000005
2024-03-12,24,85.56587368421052,104.62239999999997,19.056526315789455,22.271175990231207,0.8,1.6,1.6842105263157896,3.368421052631579,1.52,3.04,65.2,134.92,69.71999999999998
2024-03-13,24,41.393515789473696,69.03707368421053,27.64355789473683,66.78233865258322,0.8,1.6,1.6842105263157896,3.368421052631579,1.52,3.04,61.37,97.8,36.43
2024-03-14,24,70.60764210526317,116.51073684210529,45.90309473684212,65.01151060732059,0.8,2.0,1.6842105263157896,4.210526315789474,1.52,3.8000000000000003,49.16,114.77,65.61
2024-03-15,24,49.23322105263158,96.81418947368424,47.58096842105266,96.6440289782937,0.8,1.6,1.6842105263157896,3.368421052631579,1.52,3.04,36.87,87.99,51.12
2024-03-16,24,37.844884210526324,95.09172631578949,57.24684210526316,151.2670557711478,0.8,2.0,1.6842105263157896,4.210526315789474,1.52,3.8000000000000003,10.99,87.31,76.32000000000001
2024-03-17,24,35.24395789473685,65.8797,30.635742105263148,86.92480622285083,0.8,1.675,1.6842105263157896,3.526315789473684,1.52,3.1825,40.15,94.31,54.160000000000004
2024-03-18,24,98.80665263157897,134.8309105263158,36.02425789473682,36.45934452314736,0.8,1.675,1.6842105263157896,3.526315789473684,1.52,3.1825,57.14,145.71,88.57000000000001
2024-03-19,24,74.14235789473685,141.9510736842105,67.80871578947367,91.4574579429274,0.8,1.6,1.6842105263157896,3.3684210526315788,1.52,3.04,54.47,131.42,76.94999999999999
2024-03-20,24,120.14705263157894,193.4586315789474,73.31157894736846,61.018208388492376,0.8,1.6,1.6842105263157896,3.3684210526315788,1.52,3.04,61.43,168.54,107.10999999999999
2024-03-21,24,70.9698947368421,120.41120000000001,49.441305263157915,69.66518049165403,0.8,1.6,1.6842105263157896,3.368421052631579,1.52,3.04,59.96,127.13,67.16999999999999
2024-03-22,24,74.43498947368421,102.05866052631579,27.62367105263158,37.111137178836664,0.8,1.675,1.6842105263157896,3.526315789473684,1.52,3.1825,49.69,121.59,71.9
2024-03-23,24,28.262736842105273,153.60267368421057,125.3399368421053,443.48124366843456,0.8,1.2,1.6842105263157896,2.5263157894736845,1.52,2.2800000000000002,-8.45,77.77,86.22
2024-03-24,24,46.60484210526316,103.2787157894737,56.673873684210534,121.60511896211372,0.8,2.0,1.6842105263157896,4.210526315789474,1.52,3.8000000000000003,0.0,75.0,75.0
2024-03-25,24,135.30684210526314,197.7741263157895,62.467284210526344,46.16712890389488,0.8,1.6,1.6842105263157896,3.3684210526315788,1.52,3.04,61.85,174.7,112.85
2024-03-26,24,39.306,133.5082105263158,94.2022105263158,239.66369136090117,0.8,2.0,1.6842105263157896,4.2105263157894735,1.52,3.8000000000000003,11.49,100.75,89.26
2024-03-27,24,76.40195789473685,105.39825263157897,28.996294736842117,37.95229276295758,0.8,1.6,1.6842105263157896,3.3684210526315788,1.52,3.04,57.09,125.93,68.84
2024-03-28,24,35.24896842105264,166.34166315789477,131.09269473684213,371.90505313779994,0.8,2.0,1.6842105263157896,4.210526315789474,1.52,3.8000000000000003,0.04,83.19,83.14999999999999
2024-03-29,24,89.23347368421054,115.35190803324102,26.11843434903048,29.269772060495296,0.8,2.5263157894736845,1.6842105263157896,5.3185595567867034,1.52,4.800000000000001,9.86,105.45,95.59
2024-03-30,24,26.543494736842106,112.45227763157898,85.90878289473687,323.6528714340555,0.8,1.675,1.6842105263157896,3.526315789473684,1.52,3.1825,6.85,88.11,81.26
2024-03-31,23,49.359221052631575,178.14928642659282,128.79006537396126,260.92402316607235,0.8,1.7263157894736842,1.6842105263157896,3.634349030470914,1.52,3.2800000000000002,1.03,117.29,116.26
2024-04-01,24,24.216126315789477,128.53289868421052,104.31677236842104,430.7739851043149,0.8,1.8249999999999997,1.6842105263157896,3.8421052631578942,1.52,3.4675000000000002,-0.01,64.49,64.5
2024-04-02,24,61.88174736842106,201.8484,139.96665263157894,226.18406652008258,0.8,2.0,1.6842105263157896,4.2105263157894735,1.52,3.8000000000000003,-1.09,95.39,96.48
2024-04-03,24,57.392842105263156,122.95955789473686,65.5667157894737,114.24197405874934,0.8,1.6,1.6842105263157896,3.3684210526315788,1.52,3.04,63.89,123.3,59.41
2024-04-04,24,27.261094736842104,63.86993684210527,36.608842105263165,134.28969914325566,0.8,1.6,1.6842105263157896,3.3684210526315788,1.52,3.04,50.17,90.66,40.489999999999995
2024-04-05,24,-15.290673684210528,124.59757894736845,139.88825263157898,,0.8,1.6,1.6842105263157896,3.368421052631579,1.52,3.0400000000000005,-0.1,84.24,84.33999999999999
2024-04-06,24,44.19058947368422,241.61490526315797,197.42431578947375,446.7564658919999,0.8,1.6,1.6842105263157896,3.3684210526315788,1.52,3.04,-59.92,73.99,133.91
2024-04-07,24,87.14069473684211,151.88835789473688,64.74766315789478,74.30244084400235,0.8,1.2,1.6842105263157896,2.5263157894736845,1.52,2.2800000000000002,-26.79,108.39,135.18
2024-04-08,24,57.64336842105266,203.39218947368425,145.7488210526316,252.84577401517856,0.8,1.6,1.6842105263157896,3.368421052631579,1.52,3.04,57.89,149.78,91.89
2024-04-09,24,28.03947368421053,169.8132,141.77372631578947,505.62192397935235,0.8,2.0,1.6842105263157896,4.2105263157894735,1.52,3.8000000000000003,10.09,90.9,80.81
2024-04-10,24,128.57326315789476,339.81357894736846,211.2403157894737,164.29567905580762,0.8,2.0,1.6842105263157896,4.2105263157894735,1.52,3.8000000000000003,5.95,191.19,185.24
2024-04-11,24,56.613515789473695,211.95622368421058,155.3427078947369,274.3915577905518,0.8,2.4750000000000005,1.6842105263157896,5.2105263157894735,1.52,4.702500000000001,0.57,137.82,137.25
2024-04-12,24,31.752421052631583,219.64720000000005,187.89477894736848,591.7494563199492,0.8,1.6,1.6842105263157896,3.368421052631579,1.52,3.04,-0.07,125.95,126.02
2024-04-13,24,55.8166947368421,254.59008421052636,198.77338947368426,356.11816574026346,0.8,2.0,1.6842105263157896,4.210526315789474,1.52,3.8000000000000003,-55.01,73.44,128.45
2024-04-14,24,38.46915789473685,225.48387368421055,187.0147157894737,486.1419537729472,0.8,1.6,1.6842105263157896,3.368421052631579,1.52,3.04,-60.07,119.91,179.98
2024-04-15,24,15.627873684210535,262.4120421052632,246.78416842105267,1579.1282512757227,0.8,1.6,1.6842105263157896,3.3684210526315788,1.52,3.04,7.8,169.15,161.35
2024-04-16,24,80.7590105263158,159.7294105263158,78.9704,97.7852495781471,0.8,2.0,1.6842105263157896,4.2105263157894735,1.52,3.8000000000000003,0.04,124.52,124.47999999999999
2024-04-17,24,54.79366315789471,231.06627368421059,176.27261052631587,321.7025480088173,0.8,1.6,1.6842105263157896,3.368421052631579,1.52,3.04,77.03,169.97,92.94
2024-04-18,24,18.413747368421042,158.3220210526316,139.90827368421057,759.8033734521011,0.8,1.6,1.6842105263157896,3.3684210526315788,1.52,3.04,70.7,155.8,85.10000000000001
2024-04-19,24,2.6185052631578998,64.0937263157895,61.475221052631596,2347.7218823113185,0.8,1.6,1.6842105263157896,3.368421052631579,1.52,3.0400000000000005,44.56,77.21,32.64999999999999
2024-04-20,24,7.0550947368420935,109.53116011080336,102.47606537396126,1452.5115423160175,0.8,1.3263157894736843,1.6842105263157896,2.7922437673130194,1.52,2.52,10.55,97.04,86.49000000000001
2024-04-21,24,-7.657010526315787,135.6784210526316,143.33543157894738,,0.8,1.2750000000000001,1.6842105263157896,2.6842105263157894,1.52,2.4225000000000003,-0.9,95.26,96.16000000000001
2024-04-22,24,54.529157894736855,176.3152,121.78604210526315,223.34113858930124,0.8,1.6,1.6842105263157896,3.3684210526315788,1.52,3.04,73.67,170.96,97.29
2024-04-23,24,25.758884210526332,170.29553684210526,144.53665263157893,561.1137945661258,0.8,1.6,1.6842105263157896,3.3684210526315788,1.52,3.04,77.26,181.26,103.99999999999999
2024-04-24,24,32.837684210526334,127.25566315789474,94.41797894736841,287.5293468992619,0.8,1.6,1.6842105263157896,3.368421052631579,1.52,3.04,74.86,143.44,68.58
2024-04-25,24,37.3452210526316,169.43053947368423,132.08531842105265,353.6873385617435,0.8,1.675,1.6842105263157896,3.526315789473684,1.52,3.1825,66.41,152.29,85.88
2024-04-26,24,26.669052631578964,115.13656842105266,88.4675157894737,331.7235036865121,0.8,1.6,1.6842105263157896,3.368421052631579,1.52,3.04,65.37,141.58,76.21000000000001
2024-04-27,24,18.624842105263184,192.03027368421056,173.40543157894737,931.04376723787,0.8,1.2,1.6842105263157896,2.5263157894736845,1.52,2.2800000000000002,-0.06,119.9,119.96000000000001
2024-04-28,24,-21.49174736842106,213.30422368421054,234.79597105263161,,0.8,1.3499999999999999,1.6842105263157896,2.8421052631578947,1.52,2.5650000000000004,-65.06,78.56,143.62
2024-04-29,24,77.41606315789474,293.44892631578944,216.0328631578947,279.054312949604,0.8,1.6,1.6842105263157896,3.3684210526315788,1.52,3.04,33.63,204.57,170.94
2024-04-30,24,26.958884210526328,209.48130526315794,182.5224210526316,677.0399680761423,0.8,1.6,1.6842105263157896,3.368421052631579,1.52,3.04,10.0,132.41,122.41
2024-05-01,24,-14.04252631578947,310.82454736842107,324.86707368421054,,0.8,1.2,1.6842105263157896,2.5263157894736845,1.52,2.2800000000000002,-120.07,66.81,186.88
2024-05-02,24,60.584463157894746,191.66293815789476,131.07847500000003,216.35658412683193,0.8,2.4750000000000005,1.6842105263157896,5.2105263157894735,1.52,4.702500000000001,-4.19,87.96,92.14999999999999
2024-05-03,24,22.431115789473694,93.00663157894738,70.57551578947368,314.6322120212711,0.8,1.6,1.6842105263157896,3.3684210526315788,1.52,3.04,57.95,119.94,61.989999999999995
2024-05-04,24,17.13892631578949,180.51787368421054,163.37894736842105,953.2624410544654,0.8,1.3263157894736841,1.6842105263157896,2.7922437673130194,1.52,2.52,13.34,135.4,122.06
2024-05-05,24,-5.905726315789465,163.04534736842106,168.95107368421054,,0.8,1.2,1.6842105263157896,2.5263157894736845,1.52,2.2800000000000002,-0.97,111.92,112.89
2024-05-06,24,41.011157894736854,136.93058947368422,95.91943157894737,233.88618245098888,0.8,1.6,1.6842105263157896,3.3684210526315788,1.52,3.04,74.71,143.99,69.28000000000002
2024-05-07,24,33.81147368421054,147.88993684210527,114.07846315789473,337.3957143168465,0.8,1.6,1.6842105263157896,3.368421052631579,1.52,3.04,65.53,151.05,85.52000000000001
2024-05-08,24,29.30080000000001,122.42793684210524,93.12713684210523,317.831379491704,0.8,1.6,1.6842105263157896,3.3684210526315788,1.52,3.04,66.58,134.42,67.83999999999999
2024-05-09,24,2.054631578947351,194.85374736842107,192.79911578947372,9383.634407500465,0.8,1.2,1.6842105263157896,2.5263157894736845,1.52,2.2800000000000002,-2.03,132.79,134.82
2024-05-10,24,36.43677894736841,280.4570315789474,244.020252631579,669.7086287019424,0.8,2.0,1.6842105263157896,4.210526315789474,1.52,3.8000000000000003,0.02,170.72,170.7
2024-05-11,24,2.10570526315788,231.54825263157898,229.4425473684211,10896.232791113945,0.8,1.2,1.6842105263157896,2.5263157894736845,1.52,2.2800000000000002,-24.23,122.5,146.73
2024-05-12,24,-6.870147368421051,357.79402500000003,364.6641723684211,,0.8,1.675,1.6842105263157896,3.526315789473684,1.52,3.1825,-135.45,75.74,211.19
2024-05-13,24,93.954652631579,305.968502631579,212.01385,225.65550939915906,0.8,1.75,1.6842105263157896,3.6842105263157894,1.52,3.3249999999999997,-2.69,146.18,148.87
2024-05-14,24,35.3343157894737,283.26955789473686,247.93524210526317,701.6840048141657,0.8,2.0,1.6842105263157896,4.2105263157894735,1.52,3.8000000000000003,-42.95,93.47,136.42000000000002
2024-05-15,24,50.11953684210527,246.47789473684213,196.35835789473686,391.780072735582,0.8,1.6,1.6842105263157896,3.368421052631579,1.52,3.04,-11.18,110.2,121.38
2024-05-16,24,24.97856842105262,210.29448157894734,185.31591315789473,741.8996558734142,0.8,2.15,1.6842105263157896,4.526315789473684,1.52,4.085,-0.71,109.91,110.61999999999999
2024-05-17,24,-1.2765263157894822,136.29335789473689,137.56988421052637,,0.8,1.675,1.6842105263157896,3.526315789473684,1.52,3.1825,28.24,107.94,79.7
2024-05-18,24,11.264063157894725,182.993852631579,171.72978947368426,1524.5812018847105,0.8,1.6,1.6842105263157896,3.3684210526315788,1.52,3.04,-2.79,131.66,134.45
2024-05-19,24,-34.96951578947369,200.32075789473686,235.29027368421055,,0.8,1.2,1.6842105263157896,2.5263157894736845,1.52,2.2800000000000002,-15.13,122.86,137.99
2024-05-20,24,5.280231578947365,222.15178947368426,216.8715578947369,4107.23572730064,0.8,1.6,1.6842105263157896,3.3684210526315788,1.52,3.04,-0.33,135.9,136.23000000000002
2024-05-21,24,48.34960000000001,193.60873684210526,145.25913684210525,300.4350332621267,0.8,1.6,1.6842105263157896,3.3684210526315788,1.52,3.04,28.47,126.98,98.51
2024-05-22,24,52.354610526315795,168.13389473684214,115.77928421052634,221.14439023919473,0.8,2.0,1.6842105263157896,4.210526315789474,1.52,3.8000000000000003,54.12,154.88,100.75999999999999
2024-05-23,24,39.73665263157895,202.6988842105263,162.96223157894735,410.10558460941,0.8,1.6,1.6842105263157896,3.368421052631579,1.52,3.04,45.31,180.06,134.75
2024-05-24,24,20.998484210526314,82.6819157894737,61.68343157894739,293.751829706004,0.8,2.0,1.6842105263157896,4.210526315789474,1.52,3.8000000000000003,84.27,129.99,45.72000000000001
2024-05-25,24,-6.685389473684211,189.60983157894734,196.29522105263155,,0.8,1.2,1.6842105263157896,2.5263157894736845,1.52,2.2800000000000002,0.0,136.95,136.95
2024-05-26,24,5.103705263157906,221.9278736842105,216.8241684210526,4248.367749333808,0.8,1.2,1.6842105263157896,2.5263157894736845,1.52,2.2800000000000002,-23.88,121.1,144.98
2024-05-27,24,69.98096842105267,229.64065263157897,159.6596842105263,228.14729177496667,0.8,1.6,1.6842105263157896,3.368421052631579,1.52,3.04,72.96,221.46,148.5
2024-05-28,24,23.37968421052632,153.62875789473688,130.24907368421054,557.1036482416132,0.8,2.0,1.6842105263157896,4.2105263157894735,1.52,3.8000000000000003,55.25,144.31,89.06
2024-05-29,24,29.56037894736842,145.65751578947368,116.09713684210526,392.745766381458,0.8,2.0,1.6842105263157896,4.210526315789474,1.52,3.8000000000000003,45.91,143.26,97.35
2024-05-30,24,17.33486315789473,122.07482105263156,104.73995789473683,604.2156603182393,0.8,1.6,1.6842105263157896,3.368421052631579,1.52,3.04,62.97,154.73,91.75999999999999
2024-05-31,24,17.6288,103.19911578947371,85.57031578947371,485.40068404811285,0.8,2.0,1.6842105263157896,4.2105263157894735,1.52,3.8000000000000003,65.3,115.0,49.7
2024-06-01,24,-5.726736842105254,135.3391157894737,141.06585263157896,,0.8,1.2,1.6842105263157896,2.5263157894736845,1.52,2.2800000000000002,2.92,88.82,85.89999999999999
2024-06-02,24,-40.67355789473683,142.78828144044323,183.46183933518006,,0.8,1.8013157894736842,1.6842105263157896,3.7922437673130194,1.52,3.4225000000000003,-19.58,109.01,128.59
2024-06-03,24,54.13846315789472,318.20536842105264,264.06690526315793,487.7621008431793,0.8,2.0,1.6842105263157896,4.2105263157894735,1.52,3.8000000000000003,67.3,215.28,147.98000000000002
2024-06-04,24,66.04033684210529,374.8273263157895,308.78698947368423,467.57331085690515,0.8,2.0,1.6842105263157896,4.2105263157894735,1.52,3.8000000000000003,43.86,235.52,191.66000000000003
2024-06-05,24,39.71229473684214,273.2387157894737,233.52642105263158,588.0456483316311,0.8,2.0,1.6842105263157896,4.2105263157894735,1.52,3.8000000000000003,26.3,158.02,131.72
2024-06-06,24,-9.702252631578943,249.4781263157895,259.18037894736847,,0.8,1.6,1.6842105263157896,3.3684210526315788,1.52,3.04,19.5,167.72,148.22
2024-06-07,24,-3.701031578947365,238.62178947368426,242.32282105263164,,0.8,2.0,1.6842105263157896,4.210526315789474,1.52,3.8000000000000003,13.08,154.75,141.67
2024-06-08,24,-55.983726315789475,206.29631578947368,262.28004210526313,,0.8,1.2,1.6842105263157896,2.5263157894736845,1.52,2.2800000000000002,-30.03,100.0,130.03
2024-06-09,24,-1.8506315789473575,208.6498644736842,210.50049605263155,,0.8,1.675,1.6842105263157896,3.526315789473684,1.52,3.1825,-37.14,115.86,153.0
2024-06-10,24,37.22416842105264,212.58336842105268,175.35920000000004,471.08963729280583,0.8,1.6,1.6842105263157896,3.368421052631579,1.52,3.04,65.88,185.18,119.30000000000001
2024-06-11,24,0.16368421052632698,215.76224868421053,215.5985644736842,131716.16479098776,0.8,1.675,1.6842105263157896,3.526315789473684,1.52,3.1825,0.0,127.64,127.64
2024-06-12,24,11.20452631578948,210.8637052631579,199.65917894736842,1781.951091194347,0.8,1.6,1.6842105263157896,3.368421052631579,1.52,3.04,39.68,154.66,114.97999999999999
2024-06-13,24,36.0468842105263,254.88526315789474,218.83837894736843,607.0937439953934,0.8,2.0,1.6842105263157896,4.210526315789474,1.52,3.8000000000000003,43.35,188.35,145.0
2024-06-14,24,61.53157894736842,208.3092210526316,146.7776421052632,238.5403472756822,0.8,2.0,1.6842105263157896,4.2105263157894735,1.52,3.8000000000000003,40.74,136.0,95.25999999999999
2024-06-15,24,-37.53421052631579,262.7325684210527,300.2667789473685,,0.8,1.2,1.6842105263157896,2.5263157894736845,1.52,2.2800000000000002,-80.01,84.28,164.29000000000002
2024-06-16,24,26.05063157894739,182.94981274238233,156.89918116343495,602.2855172932996,0.8,1.7263157894736842,1.6842105263157896,3.634349030470914,1.52,3.2800000000000002,-35.67,124.28,159.95
2024-06-17,24,50.00503157894738,299.6066315789474,249.6016,499.152969448548,0.8,2.0,1.6842105263157896,4.210526315789474,1.52,3.8000000000000003,39.45,210.16,170.70999999999998
2024-06-18,24,63.1551157894737,219.40141052631577,156.24629473684206,247.40085230416793,0.8,1.6,1.6842105263157896,3.368421052631579,1.52,3.04,51.03,171.87,120.84
2024-06-19,24,-8.780421052631567,195.63538947368423,204.4158105263158,,0.8,2.0,1.6842105263157896,4.2105263157894735,1.52,3.8000000000000003,22.41,143.66,121.25
2024-06-20,24,53.81555789473687,215.79446315789477,161.9789052631579,300.98899203087024,0.8,1.6,1.6842105263157896,3.368421052631579,1.52,3.04,53.81,200.09,146.28
2024-06-21,24,27.67096842105265,90.47987368421057,62.808905263157925,226.9848467441841,0.8,2.0,1.6842105263157896,4.2105263157894735,1.52,3.8000000000000003,78.22,122.8,44.58
2024-06-22,24,20.691094736842118,181.97484321329642,161.28374847645432,779.4838819681975,0.8,1.7263157894736842,1.6842105263157896,3.634349030470914,1.52,3.2800000000000002,-0.07,124.05,124.11999999999999
2024-06-23,24,-20.685263157894738,163.66414736842106,184.3494105263158,,0.8,1.2,1.6842105263157896,2.5263157894736845,1.52,2.2800000000000002,-2.21,115.44,117.64999999999999
2024-06-24,24,29.600736842105277,306.8431157894737,277.2423789473684,936.6063433698303,0.8,2.0,1.6842105263157896,4.2105263157894735,1.52,3.8000000000000003,29.96,209.32,179.35999999999999
2024-06-25,24,15.416421052631591,238.35031578947368,222.9338947368421,1446.0807341454076,0.8,1.6,1.6842105263157896,3.3684210526315788,1.52,3.04,-0.05,136.69,136.74
2024-06-26,24,-1.9893473684210363,95.92115789473685,97.91050526315789,,0.8,2.0,1.6842105263157896,4.210526315789474,1.52,3.8000000000000003,76.54,134.39,57.84999999999998
2024-06-27,24,-18.714715789473672,260.9403789473684,279.6550947368421,,0.8,2.0,1.6842105263157896,4.210526315789474,1.52,3.8000000000000003,44.56,200.04,155.48
2024-06-28,24,-73.32307368421053,242.16336842105267,315.4864421052632,,0.8,2.0,1.6842105263157896,4.2105263157894735,1.52,3.8000000000000003,-9.95,138.06,148.01
2024-06-29,24,-0.9721894736842103,210.37760000000003,211.34978947368424,,0.8,1.2,1.6842105263157896,2.5263157894736845,1.52,2.2800000000000002,-0.23,139.2,139.42999999999998
2024-06-30,24,-19.39216842105263,133.31778947368423,152.70995789473687,,0.8,0.8000000000000002,1.6842105263157896,1.6842105263157896,1.52,1.5200000000000002,-1.51,102.39,103.9
2024-07-01,24,-8.372442105263147,258.50048421052634,266.87292631578947,,0.8,2.0,1.6842105263157896,4.2105263157894735,1.52,3.8000000000000003,34.61,166.79,132.18
2024-07-02,24,-1.9118736842105193,82.22694736842107,84.13882105263158,,0.8,1.6,1.6842105263157896,3.3684210526315788,1.52,3.04,60.93,115.0,54.07
2024-07-03,24,42.061326315789486,164.44343157894738,122.3821052631579,290.96111792655626,0.8,1.6,1.6842105263157896,3.368421052631579,1.52,3.04,63.18,163.89,100.70999999999998
2024-07-04,24,-36.37747368421053,228.67551578947365,265.0529894736842,,0.8,2.0,1.6842105263157896,4.2105263157894735,1.52,3.8000000000000003,-19.09,115.3,134.39
2024-07-05,24,22.994694736842106,214.1349052631579,191.1402105263158,831.2361295236979,0.8,2.0,1.6842105263157896,4.210526315789474,1.52,3.8000000000000003,-0.78,142.36,143.14000000000001
2024-07-06,24,-48.93612631578947,161.70807396121887,210.64420027700834,,0.8,1.4013157894736843,1.6842105263157896,2.9501385041551247,1.52,2.6625,-48.07,89.1,137.17
2024-07-07,24,29.540926315789477,154.52427368421053,124.98334736842105,423.0854037289213,0.8,2.0,1.6842105263157896,4.2105263157894735,1.52,3.8000000000000003,-22.37,133.17,155.54
2024-07-08,24,30.665852631578943,341.453452631579,310.78760000000005,1013.4647281255067,0.8,1.6,1.6842105263157896,3.3684210526315788,1.52,3.04,29.45,257.35,227.90000000000003
2024-07-09,24,43.28789473684211,259.61320000000006,216.32530526315796,499.7362578574295,0.8,2.0,1.6842105263157896,4.210526315789474,1.52,3.8000000000000003,2.71,151.5,148.79
2024-07-10,24,8.037031578947378,200.3808210526316,192.34378947368424,2393.2192823220907,0.8,1.6,1.6842105263157896,3.368421052631579,1.52,3.04,44.58,164.08,119.50000000000001
2024-07-11,24,4.321052631578965,228.75183157894745,224.43077894736848,5193.891352009725,0.8,2.0,1.6842105263157896,4.210526315789474,1.52,3.8000000000000003,44.48,184.33,139.85000000000002
2024-07-12,24,8.963852631578959,59.2705052631579,50.30665263157894,561.2168639894023,0.8,2.0,1.6842105263157896,4.2105263157894735,1.52,3.8000000000000003,78.04,109.92,31.879999999999995
2024-07-13,24,-29.833136842105265,126.68446315789475,156.51760000000002,,0.8,1.2,1.6842105263157896,2.5263157894736845,1.52,2.2800000000000002,-14.9,78.84,93.74000000000001
2024-07-14,24,-16.275347368421038,291.1661263157895,307.4414736842105,,0.8,1.2,1.6842105263157896,2.5263157894736845,1.52,2.2800000000000002,-73.96,115.8,189.76
2024-07-15,24,99.99827368421052,429.2732210526316,329.27494736842107,329.28063179195937,0.8,2.0,1.6842105263157896,4.210526315789474,1.52,3.8000000000000003,-0.07,224.96,225.03
2024-07-16,24,3.6505894736842066,259.19993684210533,255.54934736842114,7000.221449455901,0.8,2.0,1.6842105263157896,4.2105263157894735,1.52,3.8000000000000003,-11.48,121.6,133.07999999999998
2024-07-17,24,0.9633263157894874,269.23833684210524,268.2750105263158,27848.819878490798,0.8,2.0,1.6842105263157896,4.2105263157894735,1.52,3.8000000000000003,10.8,187.95,177.14999999999998
2024-07-18,24,7.727284210526321,292.18837894736845,284.46109473684214,3681.255755409402,0.8,2.0,1.6842105263157896,4.210526315789474,1.52,3.8000000000000003,33.96,227.6,193.64
2024-07-19,24,10.67513684210526,222.81471578947367,212.13957894736842,1987.2305347004062,0.8,2.0,1.6842105263157896,4.210526315789474,1.52,3.8000000000000003,36.2,190.46,154.26
2024-07-20,24,3.53751578947368,208.6668,205.12928421052632,5798.681798705015,0.8,1.675,1.6842105263157896,3.526315789473684,1.52,3.1825000000000006,-4.65,134.75,139.4
2024-07-21,24,20.818821052631563,191.00562105263157,170.1868,817.4660782652142,0.8,2.0,1.6842105263157896,4.210526315789474,1.52,3.8000000000000003,-0.21,128.12,128.33
2024-07-22,24,-23.079726315789465,308.64437894736847,331.7241052631579,,0.8,2.0,1.6842105263157896,4.2105263157894735,1.52,3.8000000000000003,19.41,186.24,166.83
2024-07-23,24,-6.63282105263157,155.0171157894737,161.64993684210526,,0.8,2.0,1.6842105263157896,4.210526315789474,1.52,3.8000000000000003,36.01,120.51,84.5
2024-07-24,24,-23.848842105263145,224.58063157894736,248.4294736842105,,0.8,2.0,1.6842105263157896,4.2105263157894735,1.52,3.8000000000000003,-2.06,128.9,130.96
2024-07-25,24,24.165705263157903,238.79155789473683,214.62585263157894,888.1423086740579,0.8,2.0,1.6842105263157896,4.210526315789474,1.52,3.8000000000000003,13.27,155.72,142.45
2024-07-26,24,-0.7839368421052626,138.36720526315787,139.15114210526315,,0.8,1.675,1.6842105263157896,3.526315789473684,1.52,3.1825,60.19,143.25,83.06
2024-07-27,24,2.962484210526327,152.91915789473686,149.95667368421053,5061.85562614589,0.8,1.2,1.6842105263157896,2.5263157894736845,1.52,2.2800000000000002,17.8,123.1,105.3
2024-07-28,24,-50.82145263157895,262.2870315789474,313.10848421052634,,0.8,1.2,1.6842105263157896,2.5263157894736845,1.52,2.2800000000000002,-48.69,115.66,164.35
2024-07-29,24,20.79269473684211,310.9181263157895,290.12543157894737,1395.3238637456677,0.8,1.6,1.6842105263157896,3.3684210526315788,1.52,3.04,-1.7,178.07,179.76999999999998
2024-07-30,24,16.797221052631585,281.44694736842104,264.64972631578945,1575.556608361282,0.8,1.6,1.6842105263157896,3.368421052631579,1.52,3.04,-0.06,177.13,177.19
2024-07-31,24,8.09753684210527,195.68075789473687,187.5832210526316,2316.546682161955,0.8,2.0,1.6842105263157896,4.2105263157894735,1.52,3.8000000000000003,11.36,136.15,124.79
2024-08-01,24,1.490000000000009,133.2546947368421,131.7646947368421,8843.268103143711,0.8,2.0,1.6842105263157896,4.2105263157894735,1.52,3.8000000000000003,60.38,138.07,77.69
2024-08-02,24,15.78848421052632,153.13757236842105,137.34908815789473,869.9320740766419,0.8,1.675,1.6842105263157896,3.526315789473684,1.52,3.1825,50.58,146.19,95.61
2024-08-03,24,0.42355789473684524,193.47998559556788,193.05642770083102,45579.70234996473,0.8,1.7263157894736842,1.6842105263157896,3.634349030470914,1.52,3.2800000000000002,4.1,136.64,132.54
2024-08-04,24,-38.211010526315796,185.01747368421056,223.22848421052635,,0.8,1.2,1.6842105263157896,2.5263157894736845,1.52,2.2800000000000002,-2.16,124.99,127.14999999999999
2024-08-05,24,29.862042105263157,324.57031578947374,294.70827368421055,986.8992637722806,0.8,2.0,1.6842105263157896,4.210526315789474,1.52,3.8000000000000003,36.35,250.01,213.66
2024-08-06,24,41.05475789473688,356.0461473684211,314.9913894736842,767.2469784898313,0.8,2.0,1.6842105263157896,4.2105263157894735,1.52,3.8000000000000003,2.95,230.85,227.9
2024-08-07,24,12.031578947368416,195.92526447368422,183.8936855263158,1528.4252077865274,0.8,1.675,1.6842105263157896,3.526315789473684,1.52,3.1825,35.05,149.28,114.23
2024-08-08,24,20.991642105263168,241.68168421052633,220.69004210526316,1051.3233838429926,0.8,1.6,1.6842105263157896,3.3684210526315788,1.52,3.04,32.18,197.31,165.13
2024-08-09,24,-48.73604210526315,220.28086315789471,269.01690526315787,,0.8,2.0,1.6842105263157896,4.210526315789474,1.52,3.8000000000000003,-0.8,124.97,125.77
2024-08-10,24,-56.85715789473684,246.64029473684212,303.49745263157894,,0.8,1.2,1.6842105263157896,2.5263157894736845,1.52,2.2800000000000002,-40.77,133.0,173.77
2024-08-11,24,-6.921894736842091,306.9934802631579,313.915375,,0.8,1.675,1.6842105263157896,3.526315789473684,1.52,3.1825,-59.96,137.18,197.14000000000001
2024-08-12,24,72.73145263157899,402.89317894736854,330.16172631578956,453.94628371885136,0.8,2.0,1.6842105263157896,4.210526315789474,1.52,3.8000000000000003,6.98,224.84,217.86
2024-08-13,24,66.63966315789479,284.5592631578948,217.9196,327.0118570132405,0.8,2.0,1.6842105263157896,4.210526315789474,1.52,3.8000000000000003,40.37,205.35,164.98
2024-08-14,24,24.17109473684212,216.50326315789476,192.33216842105264,795.7114500399341,0.8,1.6,1.6842105263157896,3.3684210526315788,1.52,3.04,72.85,218.92,146.07
2024-08-15,24,34.30467368421054,260.88178947368425,226.5771157894737,660.4846846094929,0.8,2.0,1.6842105263157896,4.210526315789474,1.52,3.8000000000000003,-0.04,160.3,160.34
2024-08-16,24,84.68513684210528,323.6302105263158,238.9450736842105,282.1570379342028,0.8,2.0,1.6842105263157896,4.210526315789474,1.52,3.8000000000000003,47.57,243.12,195.55
2024-08-17,24,17.916463157894754,150.90065263157896,132.9841894736842,742.2457674917035,0.8,1.2,1.6842105263157896,2.5263157894736845,1.52,2.2800000000000002,39.43,149.18,109.75
2024-08-18,24,-22.18218947368422,134.85178947368422,157.03397894736844,,0.8,1.2,1.6842105263157896,2.5263157894736845,1.52,2.2800000000000002,17.72,115.68,97.96000000000001
2024-08-19,24,73.91947368421057,252.8784,178.95892631578943,242.09983837319396,0.8,2.0,1.6842105263157896,4.2105263157894735,1.52,3.8000000000000003,78.87,203.83,124.96000000000001
2024-08-20,24,42.95014736842106,249.2561894736842,206.30604210526315,480.3383800656035,0.8,1.6,1.6842105263157896,3.3684210526315788,1.52,3.04,18.22,158.81,140.59
2024-08-21,24,0.8828000000000031,272.8496210526316,271.96682105263164,30807.297355304792,0.8,2.0,1.6842105263157896,4.210526315789474,1.52,3.8000000000000003,-21.28,140.35,161.63
2024-08-22,24,13.861642105263144,239.96962105263162,226.10797894736848,1631.1774408135761,0.8,1.825,1.6842105263157896,3.8421052631578947,1.52,3.4675,-4.35,129.46,133.81
2024-08-23,24,-4.873873684210508,218.4446565789474,223.3185302631579,,0.8,2.4750000000000005,1.6842105263157896,5.2105263157894735,1.52,4.702500000000001,-16.55,123.15,139.70000000000002
2024-08-24,24,-7.28117894736841,246.6083368421053,253.8895157894737,,0.8,1.2,1.6842105263157896,2.5263157894736845,1.52,2.2800000000000002,-44.18,110.45,154.63
2024-08-25,24,67.20421052631582,134.22494736842106,67.02073684210524,99.72699079005066,0.8,2.0,1.6842105263157896,4.2105263157894735,1.52,3.8000000000000003,-20.01,119.45,139.46
2024-08-26,24,55.023305263157894,361.07138947368423,306.0480842105263,556.2153759153538,0.8,2.0,1.6842105263157896,4.210526315789474,1.52,3.8000000000000003,17.55,231.06,213.51
2024-08-27,24,85.4447368421053,396.91993684210524,311.4752,364.53409713880916,0.8,2.0,1.6842105263157896,4.2105263157894735,1.52,3.8000000000000003,1.18,232.25,231.07
2024-08-28,24,57.4895157894737,327.602147368421,270.11263157894734,469.8467674838285,0.8,1.6,1.6842105263157896,3.368421052631579,1.52,3.04,8.17,204.03,195.86
2024-08-29,24,74.41111578947374,359.9222315789474,285.51111578947365,383.6941735926265,0.8,1.6,1.6842105263157896,3.3684210526315788,1.52,3.04,45.25,289.27,244.01999999999998
2024-08-30,24,42.312463157894754,161.6901473684211,119.37768421052634,282.1336204537471,0.8,2.0,1.6842105263157896,4.210526315789474,1.52,3.8000000000000003,79.08,156.11,77.03000000000002
2024-08-31,24,35.867642105263144,226.90560657894738,191.03796447368424,532.6192447025999,0.8,1.675,1.6842105263157896,3.526315789473684,1.52,3.1825,-0.8,148.29,149.09
2024-09-01,24,33.00305263157895,227.8813263157895,194.87827368421054,590.4856010129844,0.8,1.2,1.6842105263157896,2.5263157894736845,1.52,2.2800000000000002,-24.0,131.6,155.6
2024-09-02,24,105.24063157894741,266.5415789473684,161.300947368421,153.26869950169325,0.8,1.6,1.6842105263157896,3.3684210526315788,1.52,3.04,81.19,255.4,174.21
2024-09-03,24,463.78134736842105,832.9919157894739,369.2105684210528,79.60875755698675,0.8,1.6,1.6842105263157896,3.3684210526315788,1.52,3.04,82.69,656.37,573.6800000000001
2024-09-04,24,154.08587368421053,362.32766315789473,208.2417894736842,135.14658060119314,0.8,1.6,1.6842105263157896,3.368421052631579,1.52,3.04,89.2,320.07,230.87
2024-09-05,24,9.05058947368422,237.54501052631582,228.4944210526316,2524.635789934006,0.8,2.0,1.6842105263157896,4.210526315789474,1.52,3.8000000000000003,-19.68,119.04,138.72
2024-09-06,24,48.225789473684216,251.04842105263162,202.8226315789474,420.5688155496623,0.8,2.0,1.6842105263157896,4.2105263157894735,1.52,3.8000000000000003,12.48,136.49,124.01
2024-09-07,24,51.36747368421054,222.8522315789474,171.48475789473684,333.83918965718624,0.8,1.2,1.6842105263157896,2.5263157894736845,1.52,2.2800000000000002,0.44,150.4,149.96
2024-09-08,24,33.261684210526326,182.2185473684211,148.95686315789476,447.8331951415568,0.8,1.2,1.6842105263157896,2.5263157894736845,1.52,2.2800000000000002,0.01,128.12,128.11
2024-09-09,24,36.67909473684212,135.22197894736843,98.54288421052631,268.66225820874865,0.8,1.6,1.6842105263157896,3.368421052631579,1.52,3.04,78.68,159.57,80.88999999999999
2024-09-10,24,22.826884210526337,221.66790789473686,198.8410236842105,871.0826315600157,0.8,1.675,1.6842105263157896,3.526315789473684,1.52,3.1825,-0.16,129.9,130.06
2024-09-11,24,75.55772631578948,159.00867368421052,83.45094736842104,110.44661007881875,0.8,2.0,1.6842105263157896,4.2105263157894735,1.52,3.8000000000000003,32.99,142.86,109.87
2024-09-12,24,153.41414736842103,356.3255157894737,202.91136842105266,132.26379176997608,0.8,1.6,1.6842105263157896,3.368421052631579,1.52,3.04,78.23,300.01,221.77999999999997
2024-09-13,24,24.048947368421047,109.04869473684212,84.99974736842108,353.44477272229904,0.8,2.0,1.6842105263157896,4.2105263157894735,1.52,3.8000000000000003,60.99,132.24,71.25
2024-09-14,24,50.78844210526316,195.80865263157892,145.02021052631576,285.53782025002783,0.8,2.0,1.6842105263157896,4.2105263157894735,1.52,3.8000000000000003,-0.46,126.58,127.03999999999999
2024-09-15,24,47.516884210526314,196.29953684210528,148.78265263157897,313.1153380604435,0.8,2.0,1.6842105263157896,4.2105263157894735,1.52,3.8000000000000003,-0.41,133.16,133.57
2024-09-16,24,26.229557894736843,117.95046315789473,91.72090526315789,349.6852887541897,0.8,1.6,1.6842105263157896,3.3684210526315788,1.52,3.04,75.37,146.06,70.69
2024-09-17,24,44.06981052631578,206.39833684210527,162.32852631578947,368.3440531673193,0.8,1.6,1.6842105263157896,3.368421052631579,1.52,3.04,25.64,137.52,111.88000000000001
2024-09-18,24,44.070505263157884,265.260652631579,221.1901473684211,501.90063864171736,0.8,1.6,1.6842105263157896,3.368421052631579,1.52,3.04,-0.09,141.92,142.01
2024-09-19,24,52.8123157894737,271.01536842105264,218.20305263157894,413.1669845749694,0.8,1.6,1.6842105263157896,3.368421052631579,1.52,3.04,-0.09,143.24,143.33
2024-09-20,24,46.837031578947375,265.7251157894737,218.88808421052633,467.3397882647063,0.8,1.6,1.6842105263157896,3.3684210526315788,1.52,3.04,-0.01,145.72,145.73
2024-09-21,24,57.76427368421055,221.6536210526316,163.88934736842106,283.72095226953235,0.8,1.6,1.6842105263157896,3.368421052631579,1.52,3.04,-3.95,141.99,145.94
2024-09-22,24,61.12149473684211,222.8138736842106,161.69237894736847,264.54257973162,0.8,1.2,1.6842105263157896,2.5263157894736845,1.52,2.2800000000000002,-0.08,157.18,157.26000000000002
2024-09-23,24,260.5470105263158,458.7794315789474,198.23242105263165,76.08316850467558,0.8,1.6,1.6842105263157896,3.3684210526315788,1.52,3.04,76.55,328.39,251.83999999999997
2024-09-24,24,60.987073684210536,164.95347368421054,103.9664,170.4728456694533,0.8,1.6,1.6842105263157896,3.368421052631579,1.52,3.04,60.58,141.96,81.38000000000001
2024-09-25,24,155.35945263157896,280.2007789473684,124.84132631578944,80.35644062922871,0.8,2.0,1.6842105263157896,4.210526315789474,1.52,3.8000000000000003,18.78,195.42,176.64
2024-09-26,24,53.715789473684225,178.47688421052632,124.7610947368421,232.26149323927095,0.8,2.0,1.6842105263157896,4.2105263157894735,1.52,3.8000000000000003,12.08,89.0,76.92
2024-09-27,24,73.4386105263158,137.27654736842106,63.837936842105265,86.92693990885047,0.8,2.4000000000000004,1.6842105263157896,5.052631578947368,1.52,4.5600000000000005,-6.32,62.55,68.87
2024-09-28,24,66.7300210526316,123.53574736842106,56.80572631578946,85.12769128453502,0.8,1.6,1.6842105263157896,3.368421052631579,1.52,3.04,0.0,100.08,100.08
2024-09-29,24,171.6048210526316,336.9028421052632,165.29802105263158,96.32481187806158,0.8,2.0,1.6842105263157896,4.2105263157894735,1.52,3.8000000000000003,-0.5,167.32,167.82
2024-09-30,24,90.82164210526315,234.02513684210527,143.20349473684212,157.67551810048525,0.8,2.0,1.6842105263157896,4.2105263157894735,1.52,3.8000000000000003,2.06,93.55,91.49
2024-10-01,24,140.66625263157897,218.71854736842107,78.0522947368421,55.48757664090903,0.8,2.0,1.6842105263157896,4.2105263157894735,1.52,3.8000000000000003,0.02,136.51,136.48999999999998
2024-10-02,24,49.968505263157894,119.44646315789471,69.47795789473682,139.04349855740705,0.8,2.0,1.6842105263157896,4.2105263157894735,1.52,3.8000000000000003,74.93,135.7,60.76999999999998
2024-10-03,24,47.3921894736842,104.1430105263158,56.75082105263161,119.7472024037717,0.8,1.6,1.6842105263157896,3.3684210526315788,1.52,3.04,33.98,115.32,81.34
2024-10-04,24,73.03934736842108,163.59046315789476,90.55111578947368,123.97580078682893,0.8,1.6,1.6842105263157896,3.368421052631579,1.52,3.04,72.0,149.02,77.02000000000001
2024-10-05,24,103.12191578947369,205.68581052631578,102.56389473684209,99.45887249246724,0.8,2.0,1.6842105263157896,4.2105263157894735,1.52,3.8000000000000003,38.88,148.65,109.77000000000001
2024-10-06,24,59.961768421052625,175.57875789473687,115.61698947368424,192.81784463363329,0.8,1.6,1.6842105263157896,3.368421052631579,1.52,3.04,-0.01,106.3,106.31
2024-10-07,24,264.98875789473686,345.74995,80.76119210526315,30.477214485206357,0.8,1.675,1.6842105263157896,3.526315789473684,1.52,3.1825,30.15,237.65,207.5
2024-10-08,24,137.05926315789475,181.9065263157895,44.84726315789476,32.72107417229429,0.8,2.0,1.6842105263157896,4.210526315789474,1.52,3.8000000000000003,59.67,168.2,108.52999999999999
2024-10-09,24,73.55029473684212,144.15127763157895,70.60098289473683,95.99007474727638,0.8,1.675,1.6842105263157896,3.526315789473684,1.52,3.1825,54.32,127.12,72.80000000000001
2024-10-10,24,72.28061052631577,205.1281894736842,132.84757894736842,183.79421255580232,0.8,2.0,1.6842105263157896,4.2105263157894735,1.52,3.8000000000000003,15.94,119.32,103.38
2024-10-11,24,127.31532631578952,263.4126315789474,136.0973052631579,106.89781756957193,0.8,2.0,1.6842105263157896,4.2105263157894735,1.52,3.8000000000000003,57.17,174.24,117.07000000000001
2024-10-12,24,36.68345263157896,138.02711578947373,101.34366315789477,276.265334606626,0.8,1.2,1.6842105263157896,2.5263157894736845,1.52,2.2800000000000002,14.33,90.09,75.76
2024-10-13,24,33.24968421052631,71.51175560941827,38.26207139889196,115.07499186046046,0.8,2.6763157894736844,1.6842105263157896,5.634349030470914,1.52,5.085,-15.69,54.05,69.74
2024-10-14,24,288.59848421052635,386.70269473684215,98.1042105263158,33.9933214807708,0.8,1.6,1.6842105263157896,3.368421052631579,1.52,3.04,34.36,269.74,235.38
2024-10-15,24,82.27962105263157,250.95364342105265,168.67402236842108,205.00097133471948,0.8,1.675,1.6842105263157896,3.526315789473684,1.52,3.1825,40.78,185.39,144.60999999999999
2024-10-16,24,105.03812631578947,219.17448421052634,114.13635789473688,108.66183727572809,0.8,2.0,1.6842105263157896,4.2105263157894735,1.52,3.8000000000000003,2.04,88.38,86.33999999999999
2024-10-17,24,201.79511578947375,277.4626947368422,75.66757894736844,37.49723012439506,0.8,2.0,1.6842105263157896,4.2105263157894735,1.52,3.8000000000000003,5.61,186.21,180.6
2024-10-18,24,116.99633684210525,215.37088421052633,98.37454736842108,84.0834422886115,0.8,1.6,1.6842105263157896,3.3684210526315788,1.52,3.04,78.84,181.28,102.44
2024-10-19,24,72.53517894736842,108.76555789473684,36.23037894736842,49.94870002824038,0.8,2.0,1.6842105263157896,4.2105263157894735,1.52,3.8000000000000003,60.96,135.82,74.85999999999999
2024-10-20,24,32.14160000000001,156.3480842105263,124.2064842105263,386.4352870128626,0.8,1.6,1.6842105263157896,3.368421052631579,1.52,3.04,-2.01,75.32,77.33
2024-10-21,24,243.13924210526324,289.55385526315797,46.414613157894735,19.08972519450409,0.8,2.075,1.6842105263157896,4.36842105263158,1.52,3.9425000000000003,-0.14,222.11,222.25
2024-10-22,24,77.59,216.37926315789477,138.78926315789477,178.87519417179374,0.8,1.6,1.6842105263157896,3.3684210526315788,1.52,3.04,70.88,170.12,99.24000000000001
2024-10-23,24,162.0098947368421,302.61069473684216,140.60080000000005,86.7853165563637,0.8,1.6,1.6842105263157896,3.368421052631579,1.52,3.04,78.97,218.18,139.21
2024-10-24,24,62.88774736842106,186.52564210526316,123.6378947368421,196.6009277014215,0.8,2.0,1.6842105263157896,4.2105263157894735,1.52,3.8000000000000003,79.15,171.27,92.12
2024-10-25,24,163.44199999999998,247.17673684210527,83.73473684210529,51.23208039678008,0.8,1.6,1.6842105263157896,3.368421052631579,1.52,3.04,78.18,227.32,149.14
2024-10-26,24,57.34374736842106,146.6419578947369,89.29821052631583,155.72440697430238,0.8,1.6,1.6842105263157896,3.3684210526315788,1.52,3.04,63.3,150.9,87.60000000000001
2024-10-27,25,59.95440000000002,141.94240000000002,81.988,136.75059712047818,0.8,2.0,1.6842105263157896,4.2105263157894735,1.52,3.8000000000000003,39.99,148.3,108.31
2024-10-28,24,67.72976842105265,102.62021052631582,34.89044210526316,51.514190759314715,0.8,2.0,1.6842105263157896,4.210526315789474,1.52,3.8000000000000003,84.09,148.8,64.71000000000001
2024-10-29,24,193.9442947368421,303.85783157894735,109.91353684210526,56.67273532910264,0.8,1.6,1.6842105263157896,3.368421052631579,1.52,3.04,98.17,285.8,187.63
2024-10-30,24,98.60301052631579,153.1938947368421,54.590884210526326,55.364317903819746,0.8,1.6,1.6842105263157896,3.3684210526315788,1.52,3.04,98.05,193.88,95.83
2024-10-31,24,55.48048421052631,114.28290000000003,58.80241578947371,105.98756774786247,0.8,1.675,1.6842105263157896,3.526315789473684,1.52,3.1825,64.56,135.53,70.97
2024-11-01,24,61.0704842105263,118.87324210526316,57.80275789473686,94.64925428702232,0.8,2.0,1.6842105263157896,4.210526315789474,1.52,3.8000000000000003,29.49,119.87,90.38000000000001
2024-11-02,24,62.953936842105236,90.60860657894736,27.654669736842123,43.92841992741899,0.8,1.675,1.6842105263157896,3.526315789473684,1.52,3.1825,86.0,158.56,72.56
2024-11-03,24,37.605452631578956,100.13532742382273,62.529874792243774,166.2787452789085,0.8,1.7263157894736842,1.6842105263157896,3.634349030470914,1.52,3.2800000000000002,52.63,127.91,75.28
2024-11-04,24,167.46574736842106,313.3628210526316,145.89707368421054,87.12054612770461,0.8,1.6,1.6842105263157896,3.368421052631579,1.52,3.04,89.86,290.21,200.34999999999997
2024-11-05,24,475.4513684210526,641.2666039473685,165.81523552631586,34.87533037857878,0.8,1.675,1.6842105263157896,3.526315789473684,1.52,3.1825,91.2,505.31,414.11
2024-11-06,24,863.2736842105264,1281.9298171052633,418.65613289473686,48.49633905817512,0.8,1.675,1.6842105263157896,3.526315789473684,1.52,3.1825,95.47,820.11,724.64
2024-11-07,24,219.65193684210527,488.7393473684211,269.0874105263158,122.50627715600193,0.8,1.6,1.6842105263157896,3.368421052631579,1.52,3.04,99.74,408.26,308.52
2024-11-08,24,29.14406315789475,50.90484210526317,21.760778947368422,74.66624962166165,0.8,1.6,1.6842105263157896,3.3684210526315788,1.52,3.04,97.45,132.91,35.459999999999994
2024-11-09,24,46.41747368421056,50.07307368421054,3.6555999999999784,7.875482463500534,0.8,0.8,1.6842105263157896,1.6842105263157896,1.52,1.52,96.68,147.8,51.120000000000005
2024-11-10,24,42.18825263157895,49.20098947368423,7.012736842105284,16.62248707796937,0.8,0.8,1.6842105263157896,1.6842105263157896,1.52,1.52,100.32,148.72,48.400000000000006
2024-11-11,24,45.44768421052633,61.837713157894754,16.39002894736842,36.06350737574491,0.8,1.675,1.6842105263157896,3.526315789473684,1.52,3.1825,97.5,153.18,55.68000000000001
2024-11-12,24,129.5225263157895,337.0460842105264,207.52355789473688,160.22198130136275,0.8,1.6,1.6842105263157896,3.368421052631579,1.52,3.04,102.69,317.89,215.2
2024-11-13,24,77.76132631578946,165.53225484764548,87.77092853185601,112.87221127815835,0.8,1.3263157894736841,1.6842105263157896,2.7922437673130194,1.52,2.52,106.62,227.43,120.81
2024-11-14,24,58.796589473684236,64.39905,5.602460526315767,9.528546768555813,0.8,0.875,1.6842105263157896,1.8421052631578947,1.52,1.6625,91.41,155.91,64.5
2024-11-15,24,31.66332631578949,73.87608421052634,42.21275789473685,133.31750894942044,0.8,1.6,1.6842105263157896,3.3684210526315788,1.52,3.04,98.1,157.77,59.670000000000016
2024-11-16,24,40.9214947368421,73.46414736842107,32.54265263157897,79.52459420374115,0.8,2.0,1.6842105263157896,4.210526315789474,1.52,3.8000000000000003,65.67,118.93,53.260000000000005
2024-11-17,24,13.032210526315787,112.43653157894741,99.40432105263162,762.7587112094734,0.8,2.475,1.6842105263157896,5.2105263157894735,1.52,4.702500000000001,34.81,102.84,68.03
2024-11-18,24,114.1255157894737,163.01513684210528,48.88962105263158,42.83846667805456,0.8,2.0,1.6842105263157896,4.210526315789474,1.52,3.8000000000000003,42.39,161.82,119.42999999999999
2024-11-19,24,47.232547368421066,87.61448421052633,40.38193684210526,85.49599607050622,0.8,1.2,1.6842105263157896,2.5263157894736845,1.52,2.2800000000000002,89.84,157.57,67.72999999999999
2024-11-20,24,59.70888421052635,119.61267368421053,59.903789473684185,100.32642590082679,0.8,2.0,1.6842105263157896,4.2105263157894735,1.52,3.8000000000000003,81.52,142.87,61.35000000000001
2024-11-21,24,80.09021052631583,123.93932631578949,43.84911578947366,54.7496572943404,0.8,2.0,1.6842105263157896,4.210526315789474,1.52,3.8000000000000003,84.15,182.26,98.10999999999999
2024-11-22,24,59.47073684210527,130.16301052631582,70.69227368421055,118.86900589763742,0.8,2.0,1.6842105263157896,4.2105263157894735,1.52,3.8000000000000003,77.0,144.08,67.08000000000001
2024-11-23,24,40.89473684210525,96.37423157894739,55.479494736842135,135.66414414414425,0.8,1.6,1.6842105263157896,3.368421052631579,1.52,3.04,18.46,104.55,86.09
2024-11-24,24,22.430400000000002,28.5581108033241,6.127710803324099,27.3187763184076,0.8,2.2526315789473688,1.6842105263157896,4.742382271468144,1.52,4.28,-0.05,16.18,16.23
2024-11-25,24,132.67789473684212,176.62221842105262,43.9443236842105,33.1210589159341,0.8,2.4750000000000005,1.6842105263157896,5.2105263157894735,1.52,4.702500000000001,-1.86,128.0,129.86
2024-11-26,24,85.76086315789473,140.6601473684211,54.89928421052636,64.01437927397143,0.8,2.0,1.6842105263157896,4.210526315789474,1.52,3.8000000000000003,70.55,160.91,90.36
2024-11-27,24,30.307852631578967,141.074,110.76614736842104,365.4701265539656,0.8,0.8,1.6842105263157896,1.6842105263157896,1.52,1.52,48.78,184.84,136.06
2024-11-28,24,116.42741052631578,132.57178947368425,16.144378947368466,13.86647600800105,0.8,2.0,1.6842105263157896,4.2105263157894735,1.52,3.8000000000000003,31.69,158.23,126.53999999999999
2024-11-29,24,36.36698947368423,119.81597894736844,83.44898947368421,229.46356209680025,0.8,1.6,1.6842105263157896,3.368421052631579,1.52,3.04,102.8,181.35,78.55
2024-11-30,24,41.51288421052631,62.51473684210528,21.00185263157897,50.59116713035705,0.8,2.0,1.6842105263157896,4.2105263157894735,1.52,3.8000000000000003,85.2,136.94,51.739999999999995
2024-12-01,24,35.08223157894737,59.19903947368424,24.116807894736866,68.74365400748684,0.8,2.475,1.6842105263157896,5.2105263157894735,1.52,4.702500000000001,82.38,121.53,39.150000000000006
2024-12-02,24,94.48105263157898,114.65301052631584,20.171957894736863,21.350267945675565,0.8,1.2,1.6842105263157896,2.5263157894736845,1.52,2.2800000000000002,46.44,147.9,101.46000000000001
2024-12-03,24,107.93475789473686,135.5553529085873,27.620595013850448,25.590083817844267,0.8,1.726315789473684,1.6842105263157896,3.634349030470914,1.52,3.2800000000000002,93.22,210.0,116.78
2024-12-04,24,144.78995789473686,317.28667368421054,172.49671578947368,119.13582840798931,0.8,1.6,1.6842105263157896,3.368421052631579,1.52,3.04,110.19,287.76,177.57
2024-12-05,24,42.618778947368426,100.45378393351801,57.835004986149585,135.7031018124012,0.8,1.726315789473684,1.6842105263157896,3.634349030470914,1.52,3.2800000000000002,43.14,143.54,100.39999999999999
2024-12-06,24,137.2017052631579,151.3901894736842,14.188484210526298,10.341332262097081,0.8,2.0,1.6842105263157896,4.210526315789474,1.52,3.8000000000000003,2.31,151.07,148.76
2024-12-07,24,13.99846315789474,80.16189473684213,66.16343157894738,472.6478244980276,0.8,1.2,1.6842105263157896,2.5263157894736845,1.52,2.2800000000000002,39.46,96.45,56.99
2024-12-08,24,15.487747368421047,49.40774736842106,33.920000000000016,219.011836861193,0.8,1.2,1.6842105263157896,2.5263157894736845,1.52,2.2800000000000002,75.01,121.38,46.36999999999999
2024-12-09,24,81.99467368421054,114.40917894736845,32.414505263157906,39.53245230049603,0.8,1.2,1.6842105263157896,2.5263157894736845,1.52,2.2800000000000002,34.4,129.81,95.41
2024-12-10,24,101.99787368421053,133.7984092105263,31.80053552631577,31.17764555050578,0.8,0.875,1.6842105263157896,1.8421052631578947,1.52,1.6625,83.7,202.38,118.67999999999999
2024-12-11,24,333.47105263157897,468.8734526315789,135.40239999999994,40.60394415991286,0.8,0.8,1.6842105263157896,1.6842105263157896,1.52,1.52,106.17,445.08,338.90999999999997
2024-12-12,24,756.8315157894737,1461.7650947368425,704.9335789473688,93.14273576623344,0.8,2.0,1.6842105263157896,4.2105263157894735,1.52,3.8000000000000003,107.35,936.28,828.93
2024-12-13,24,182.38989473684217,328.2337894736843,145.84389473684212,79.96270569006592,0.8,2.0,1.6842105263157896,4.210526315789474,1.52,3.8000000000000003,114.95,284.21,169.26
2024-12-14,24,-2.6790526315789407,73.7221828254848,76.40123545706373,,0.8,1.726315789473684,1.6842105263157896,3.634349030470914,1.52,3.2800000000000002,73.81,124.98,51.17
2024-12-15,24,-10.845052631578946,78.0796657894737,88.92471842105265,,0.8,1.675,1.6842105263157896,3.526315789473684,1.52,3.1825,2.29,73.58,71.28999999999999
2024-12-16,24,94.8693263157895,113.789490166205,18.920163850415506,19.943394335315887,0.8,1.476315789473684,1.6842105263157896,3.10803324099723,1.52,2.805,-0.01,85.22,85.23
2024-12-17,24,97.24778947368422,126.3811157894737,29.133326315789475,29.957828834426216,0.8,2.0,1.6842105263157896,4.2105263157894735,1.52,3.8000000000000003,20.94,127.33,106.39
2024-12-18,24,39.932126315789475,104.72743157894737,64.7953052631579,162.26359886459974,0.8,2.0,1.6842105263157896,4.210526315789474,1.52,3.8000000000000003,21.44,77.58,56.14
2024-12-19,24,90.63035789473685,100.74805872576178,10.117700831024933,11.163699521937446,0.8,1.3263157894736841,1.6842105263157896,2.7922437673130194,1.52,2.52,0.31,92.58,92.27
2024-12-20,24,88.73905263157897,145.01368421052632,56.27463157894735,63.41585796795094,0.8,2.0,1.6842105263157896,4.210526315789474,1.52,3.8000000000000003,16.31,109.89,93.58
2024-12-21,24,21.54223157894737,37.059243421052635,15.517011842105266,72.03066119328888,0.8,1.675,1.6842105263157896,3.526315789473684,1.52,3.1825,1.0,31.43,30.43
2024-12-22,24,71.3034105263158,79.47662500000001,8.173214473684212,11.462585608955886,0.8,1.675,1.6842105263157896,3.526315789473684,1.52,3.1825,-2.06,65.47,67.53
2024-12-23,24,63.078610526315785,91.2688454293629,28.190234903047113,44.69064024688119,0.8,1.7263157894736842,1.6842105263157896,3.634349030470914,1.52,3.2800000000000002,9.12,108.29,99.17
2024-12-24,24,24.449515789473693,41.985515789473695,17.536,71.72330180685958,0.8,0.8,1.6842105263157896,1.6842105263157896,1.52,1.52,78.0,120.95,42.95
2024-12-25,24,24.315200000000004,32.51787368421056,8.202673684210552,33.73475720623541,0.8,1.2,1.6842105263157896,2.5263157894736845,1.52,2.2800000000000002,75.99,120.53,44.540000000000006
2024-12-26,24,34.62341052631584,41.22995789473687,6.606547368421033,19.08115713615118,0.8,2.0,1.6842105263157896,4.210526315789474,1.52,3.8000000000000003,89.64,138.05,48.41000000000001
2024-12-27,24,54.5520210526316,75.34347368421054,20.791452631578935,38.11307487859966,0.8,1.6,1.6842105263157896,3.3684210526315788,1.52,3.04,99.58,158.4,58.82000000000001
2024-12-28,24,34.580652631578914,63.43709473684211,28.8564421052632,83.446782837498,0.8,2.0,1.6842105263157896,4.2105263157894735,1.52,3.8000000000000003,102.93,152.0,49.06999999999999
2024-12-29,24,43.24469473684211,66.69717894736846,23.452484210526343,54.23204939528943,0.8,2.0,1.6842105263157896,4.210526315789474,1.52,3.8000000000000003,71.63,127.39,55.760000000000005
2024-12-30,24,60.57082105263157,77.51205131578948,16.941230263157905,27.969292753085227,0.8,0.875,1.6842105263157896,1.8421052631578947,1.52,1.6625,35.66,109.97,74.31
2024-12-31,24,64.43197894736842,87.97867368421052,23.5466947368421,36.54504350405927,0.8,0.8,1.6842105263157896,1.6842105263157896,1.52,1.52,0.52,83.67,83.15
