delivery_date,hours_in_day,baseline_gross_margin_eur,baseline_degradation_cost_eur,baseline_net_margin_eur,baseline_efc,optimized_gross_margin_eur,optimized_degradation_cost_eur,optimized_net_margin_eur,optimized_efc,net_improvement_vs_baseline_eur,minimum_price_eur_per_mwh,maximum_price_eur_per_mwh,daily_price_spread_eur_per_mwh
2024-01-01,24,56.28157894736842,32.0,24.281578947368423,0.8,44.1221052631579,16.0,28.1221052631579,0.4,3.840526315789475,-0.05,58.0,58.05
2024-01-02,24,86.06044210526316,32.0,54.060442105263164,0.8,109.95103157894737,32.0,77.95103157894737,0.8,23.8905894736842,7.43,83.46,76.03
2024-01-03,24,76.22560000000001,32.0,44.225600000000014,0.8,64.2193052631579,16.0,48.219305263157906,0.4,3.993705263157892,-1.38,82.97,84.35
2024-01-04,24,113.38894736842106,32.0,81.38894736842106,0.8,121.81063947368422,35.0,86.81063947368425,0.875,5.42169210526319,25.48,144.65,119.17
2024-01-05,24,27.76393684210528,32.0,-4.236063157894719,0.8,20.77147368421054,16.0,4.771473684210534,0.4,9.007536842105253,73.21,108.45,35.24000000000001
2024-01-06,24,26.368947368421033,32.0,-5.631052631578967,0.8,17.763094736842106,16.0,1.7630947368421062,0.4,7.3941473684210735,73.01,104.27,31.25999999999999
2024-01-07,24,26.215999999999994,32.0,-5.784000000000006,0.8,19.172315789473686,16.0,3.1723157894736858,0.4,8.956315789473692,71.86,104.85,32.989999999999995
2024-01-08,24,49.84924210526316,32.0,17.84924210526316,0.8,54.02496842105262,32.0,22.02496842105262,0.8,4.175726315789461,78.48,130.01,51.52999999999999
2024-01-09,24,53.008863157894766,32.0,21.008863157894766,0.8,79.0093518005541,53.05263157894737,25.956720221606673,1.3263157894736843,4.947857063711908,84.14,137.84,53.7
2024-01-10,24,55.353789473684216,32.0,23.353789473684216,0.8,90.88639889196676,53.05263157894737,37.83376731301945,1.3263157894736843,14.479977839335234,86.09,143.79,57.69999999999999
2024-01-11,24,54.249094736842125,32.0,22.249094736842125,0.8,101.8956565096953,53.05263157894737,48.84302493074796,1.3263157894736843,26.593930193905834,81.95,150.09,68.14
2024-01-12,24,44.95808421052632,32.0,12.958084210526323,0.8,67.99709473684214,32.0,35.99709473684214,0.8,23.03901052631582,84.34,140.74,56.400000000000006
2024-01-13,24,-5.070968421052619,32.0,-37.07096842105262,0.8,0.0,0.0,0.0,0.0,37.07096842105262,63.16,90.0,26.840000000000003
2024-01-14,24,32.71898947368421,32.0,0.7189894736842106,0.8,26.79914127423824,21.052631578947366,5.746509695290875,0.5263157894736841,5.027520221606665,62.11,96.97,34.86
2024-01-15,24,45.17023157894735,32.0,13.170231578947352,0.8,33.48378947368422,16.0,17.48378947368422,0.4,4.313557894736867,62.04,112.8,50.76
2024-01-16,24,54.16303157894737,32.0,22.16303157894737,0.8,108.74080886426594,53.05263157894737,55.6881772853186,1.3263157894736843,33.525145706371234,76.97,144.11,67.14000000000001
2024-01-17,24,53.407178947368436,32.0,21.407178947368436,0.8,77.99014736842108,32.0,45.990147368421106,0.8,24.58296842105267,69.47,140.52,71.05000000000001
2024-01-18,24,27.346126315789476,32.0,-4.653873684210524,0.8,64.34892631578948,32.0,32.348926315789484,0.8,37.00280000000001,73.61,125.89,52.28
2024-01-19,24,27.082757894736858,32.0,-4.917242105263142,0.8,50.484357894736846,32.0,18.484357894736846,0.8,23.401599999999988,62.76,104.27,41.51
2024-01-20,24,37.21271578947369,32.0,5.212715789473691,0.8,29.486398891966772,21.05263157894737,8.433767313019402,0.5263157894736842,3.221051523545711,61.75,99.87,38.120000000000005
2024-01-21,24,15.858589473684212,32.0,-16.141410526315788,0.8,19.051852631578953,16.0,3.051852631578953,0.4,19.19326315789474,37.69,66.83,29.14
2024-01-22,24,68.53637894736842,32.0,36.53637894736842,0.8,83.44500720221606,37.05263157894737,46.3923756232687,0.9263157894736842,9.855996675900279,5.04,77.35,72.30999999999999
2024-01-23,24,91.75600000000001,32.0,59.756000000000014,0.8,95.41680000000002,32.0,63.41680000000002,0.8,3.660800000000009,4.17,84.51,80.34
2024-01-24,24,50.634168421052635,32.0,18.634168421052635,0.8,45.275389473684214,16.0,29.275389473684214,0.4,10.641221052631579,-4.84,54.21,59.05
2024-01-25,24,65.79080000000002,32.0,33.79080000000002,0.8,83.67132631578946,32.0,51.67132631578947,0.8,17.880526315789453,43.34,123.38,80.03999999999999
2024-01-26,24,-4.152905263157912,32.0,-36.15290526315791,0.8,19.075768421052643,16.0,3.0757684210526435,0.4,39.228673684210555,46.47,76.59,30.120000000000005
2024-01-27,24,36.486652631578956,32.0,4.486652631578956,0.8,27.549368421052634,16.0,11.549368421052634,0.4,7.062715789473678,53.88,95.95,42.07
2024-01-28,24,10.633915789473697,32.0,-21.366084210526303,0.8,28.58312500000001,19.0,9.58312500000001,0.475,30.949209210526313,40.09,77.84,37.75
2024-01-29,24,65.20197894736843,32.0,33.20197894736843,0.8,100.26639868421054,51.0,49.26639868421057,1.2750000000000001,16.06441973684214,47.26,127.42,80.16
2024-01-30,24,30.012673684210533,32.0,-1.987326315789467,0.8,18.842168421052634,16.0,2.8421684210526337,0.4,4.829494736842101,67.18,99.23,32.05
2024-01-31,24,32.82536842105264,32.0,0.8253684210526373,0.8,84.49840000000002,32.0,52.49840000000001,0.8,51.67303157894737,39.73,119.93,80.20000000000002
2024-02-01,24,47.52648421052633,32.0,15.526484210526327,0.8,65.99028157894739,35.0,30.99028157894739,0.875,15.463797368421062,41.12,97.89,56.77
2024-02-02,24,25.494168421052642,32.0,-6.505831578947358,0.8,58.80484210526316,32.0,26.804842105263162,0.8,33.31067368421052,36.05,89.32,53.269999999999996
2024-02-03,24,61.43117894736842,32.0,29.431178947368423,0.8,64.61433684210527,32.0,32.614336842105274,0.8,3.1831578947368513,6.73,68.57,61.83999999999999
2024-02-04,24,63.76576842105264,32.0,31.76576842105264,0.8,92.5912,48.0,44.5912,1.2000000000000002,12.82543157894736,0.0,46.01,46.01
2024-02-05,24,61.12206315789475,32.0,29.12206315789475,0.8,140.81757894736845,48.0,92.81757894736843,1.2000000000000002,63.69551578947368,-0.13,68.78,68.91
2024-02-06,24,47.085305263157906,32.0,15.085305263157906,0.8,80.0835024930748,37.05263157894737,43.03087091412743,0.9263157894736842,27.945565650969527,1.94,68.16,66.22
2024-02-07,24,87.32715789473684,32.0,55.32715789473684,0.8,103.18494736842106,32.0,71.18494736842106,0.8,15.857789473684221,34.15,136.22,102.07
2024-02-08,24,22.435936842105264,32.0,-9.564063157894736,0.8,75.87600000000002,32.0,43.87600000000002,0.8,53.440063157894755,65.98,133.15,67.17
2024-02-09,24,37.516000000000005,32.0,5.516000000000005,0.8,30.470421052631593,16.0,14.470421052631593,0.4,8.954421052631588,49.96,95.45,45.49
2024-02-10,24,22.08204210526317,32.0,-9.91795789473683,0.8,0.0,0.0,0.0,0.0,9.91795789473683,63.1,88.95,25.85
2024-02-11,24,28.85545263157894,32.0,-3.1445473684210583,0.8,24.61292631578948,16.0,8.61292631578948,0.4,11.757473684210538,43.64,80.74,37.099999999999994
2024-02-12,24,40.182652631578954,32.0,8.182652631578954,0.8,89.51536842105264,64.0,25.515368421052642,1.6,17.33271578947369,59.21,104.0,44.79
2024-02-13,24,41.737957894736844,32.0,9.737957894736844,0.8,66.49121108033242,53.05263157894737,13.43857950138505,1.3263157894736843,3.7006216066482054,60.06,99.88,39.81999999999999
2024-02-14,24,31.639136842105266,32.0,-0.3608631578947339,0.8,20.421852631578957,16.0,4.4218526315789575,0.4,4.782715789473691,54.79,87.58,32.79
2024-02-15,24,26.302989473684214,32.0,-5.697010526315786,0.8,16.511578947368427,16.0,0.5115789473684274,0.4,6.2085894736842135,58.91,87.0,28.090000000000003
2024-02-16,24,25.699284210526315,32.0,-6.300715789473685,0.8,17.736042105263166,16.0,1.7360421052631665,0.4,8.036757894736851,48.81,77.42,28.61
2024-02-17,24,52.77823157894738,32.0,20.778231578947377,0.8,45.685927977839356,21.052631578947363,24.633296398892,0.5263157894736841,3.855064819944623,54.62,110.06,55.440000000000005
2024-02-18,24,22.568905263157895,32.0,-9.431094736842105,0.8,22.398442105263157,16.0,6.3984421052631575,0.4,15.829536842105263,39.88,73.66,33.779999999999994
2024-02-19,24,52.51960000000001,32.0,20.51960000000001,0.8,45.697423822714704,21.052631578947366,24.64479224376734,0.5263157894736841,4.12519224376733,43.04,97.65,54.61000000000001
2024-02-20,24,19.980715789473685,32.0,-12.019284210526315,0.8,48.933789473684214,32.0,16.933789473684214,0.8,28.95307368421053,51.42,90.89,39.47
2024-02-21,24,33.1428,32.0,1.1428000000000011,0.8,60.046800000000005,32.0,28.046800000000005,0.8,26.904000000000003,35.22,85.11,49.89
2024-02-22,24,62.02313684210527,32.0,30.023136842105266,0.8,97.35191578947368,32.0,65.35191578947368,0.8,35.32877894736841,1.91,81.91,80.0
2024-02-23,24,75.22835789473686,32.0,43.22835789473686,0.8,85.64093289473685,35.0,50.64093289473685,0.875,7.41257499999999,0.02,86.44,86.42
2024-02-24,24,28.105494736842104,32.0,-3.894505263157896,0.8,58.68944376731302,37.05263157894737,21.636812188365667,0.9263157894736842,25.531317451523563,32.22,80.0,47.78
2024-02-25,24,39.47833684210527,32.0,7.478336842105271,0.8,39.40301939058172,21.05263157894737,18.35038781163435,0.5263157894736842,10.872050969529077,46.03,93.69,47.66
2024-02-26,24,32.65783157894737,32.0,0.6578315789473734,0.8,21.222147368421062,16.0,5.222147368421062,0.4,4.564315789473689,51.8,85.32,33.519999999999996
2024-02-27,24,63.88629473684212,32.0,31.886294736842117,0.8,109.59757894736846,64.0,45.59757894736845,1.6,13.71128421052633,56.87,111.8,54.93
2024-02-28,24,34.093957894736846,32.0,2.093957894736846,0.8,98.2899157894737,64.0,34.289915789473696,1.6,32.19595789473685,55.12,104.49,49.37
2024-02-29,24,37.48637894736842,32.0,5.486378947368422,0.8,25.95338947368421,16.0,9.953389473684211,0.4,4.467010526315789,47.03,86.26,39.230000000000004
2024-03-01,24,34.46248421052633,32.0,2.462484210526327,0.8,22.53585263157897,16.0,6.535852631578969,0.4,4.073368421052642,57.83,93.73,35.900000000000006
2024-03-02,24,47.32063157894737,32.0,15.32063157894737,0.8,47.825894736842116,32.0,15.825894736842116,0.8,0.5052631578947455,54.88,93.6,38.71999999999999
2024-03-03,24,21.78130526315789,32.0,-10.21869473684211,0.8,30.2917052631579,16.0,14.291705263157901,0.4,24.51040000000001,42.51,86.96,44.449999999999996
2024-03-04,24,47.12760000000001,32.0,15.127600000000008,0.8,97.03336842105267,64.0,33.03336842105264,1.6,17.905768421052635,61.1,105.18,44.080000000000005
2024-03-05,24,52.237957894736844,32.0,20.237957894736844,0.8,56.370757894736855,32.0,24.370757894736855,0.8,4.13280000000001,59.86,112.99,53.129999999999995
2024-03-06,24,60.259473684210526,32.0,28.259473684210526,0.8,107.67227368421055,64.0,43.67227368421052,1.6,15.412799999999997,69.29,119.58,50.28999999999999
2024-03-07,24,37.77757894736841,32.0,5.777578947368411,0.8,70.16049861495847,42.105263157894726,28.05523545706373,1.0526315789473684,22.27765650969532,60.26,105.71,45.449999999999996
2024-03-08,24,19.34538947368422,32.0,-12.654610526315778,0.8,122.01374958448756,37.05263157894737,84.96111800554019,0.9263157894736843,97.61572853185596,4.26,95.06,90.8
2024-03-09,24,24.50953684210525,32.0,-7.490463157894752,0.8,108.08764210526317,32.0,76.08764210526317,0.8,83.57810526315792,-5.02,78.02,83.03999999999999
2024-03-10,24,24.98797894736842,32.0,-7.012021052631582,0.8,103.01789473684211,32.0,71.01789473684211,0.8,78.02991578947369,-9.98,66.35,76.33
2024-03-11,24,58.87783157894739,32.0,26.877831578947387,0.8,62.68136842105265,32.0,30.681368421052653,0.8,3.8035368421052667,48.93,108.01,59.080000000000005
2024-03-12,24,85.56587368421052,32.0,53.565873684210516,0.8,85.56587368421052,32.0,53.565873684210516,0.8,0.0,65.2,134.92,69.71999999999998
2024-03-13,24,41.39351578947369,32.0,9.393515789473689,0.8,41.393515789473696,32.0,9.393515789473696,0.8,7.105427357601002e-15,61.37,97.8,36.43
2024-03-14,24,70.60764210526317,32.0,38.60764210526317,0.8,106.54423490304711,53.05263157894737,53.49160332409974,1.3263157894736841,14.883961218836575,49.16,114.77,65.61
2024-03-15,24,49.233221052631585,32.0,17.233221052631585,0.8,81.3875157894737,48.0,33.38751578947368,1.2000000000000002,16.154294736842097,36.87,87.99,51.12
2024-03-16,24,37.84488421052632,32.0,5.844884210526317,0.8,80.68589473684213,32.0,48.68589473684212,0.8,42.841010526315806,10.99,87.31,76.32000000000001
2024-03-17,24,35.24395789473685,32.0,3.2439578947368517,0.8,42.97216066481997,21.052631578947363,21.919529085872597,0.5263157894736841,18.675571191135745,40.15,94.31,54.160000000000004
2024-03-18,24,98.80665263157896,32.0,66.80665263157896,0.8,124.60911800554018,53.05263157894737,71.55648642659283,1.3263157894736841,4.7498337950138705,57.14,145.71,88.57000000000001
2024-03-19,24,74.14235789473685,32.0,42.14235789473685,0.8,133.01302271468143,53.05263157894737,79.96039113573407,1.3263157894736843,37.818033240997224,54.47,131.42,76.94999999999999
2024-03-20,24,120.14705263157896,32.0,88.14705263157896,0.8,193.4586315789474,64.0,129.4586315789474,1.6,41.311578947368446,61.43,168.54,107.10999999999999
2024-03-21,24,70.9698947368421,32.0,38.96989473684209,0.8,110.25058725761775,53.05263157894737,57.197955678670354,1.3263157894736843,18.22806094182826,59.96,127.13,67.16999999999999
2024-03-22,24,74.43498947368423,32.0,42.434989473684226,0.8,76.23709473684211,32.0,44.23709473684211,0.8,1.802105263157884,49.69,121.59,71.9
2024-03-23,24,28.262736842105273,32.0,-3.737263157894727,0.8,153.60267368421054,48.0,105.60267368421054,1.2000000000000002,109.33993684210527,-8.45,77.77,86.22
2024-03-24,24,46.60484210526316,32.0,14.60484210526316,0.8,81.39600000000002,32.0,49.396000000000015,0.8,34.791157894736855,0.0,75.0,75.0
2024-03-25,24,135.30684210526317,32.0,103.30684210526317,0.8,197.7741263157895,64.0,133.7741263157895,1.6,30.467284210526316,61.85,174.7,112.85
2024-03-26,24,39.306,32.0,7.305999999999997,0.8,127.43795789473684,48.0,79.43795789473684,1.2000000000000002,72.13195789473684,11.49,100.75,89.26
2024-03-27,24,76.40195789473685,32.0,44.40195789473685,0.8,76.99143157894738,32.0,44.991431578947385,0.8,0.5894736842105317,57.09,125.93,68.84
2024-03-28,24,35.24896842105264,32.0,3.2489684210526377,0.8,152.63915789473685,48.0,104.63915789473687,1.2000000000000002,101.39018947368423,0.04,83.19,83.14999999999999
2024-03-29,24,89.23347368421054,32.0,57.23347368421054,0.8,91.22387368421053,32.0,59.22387368421053,0.8,1.990399999999994,9.86,105.45,95.59
2024-03-30,24,26.543494736842106,32.0,-5.456505263157894,0.8,102.68265263157897,32.0,70.68265263157896,0.8,76.13915789473685,6.85,88.11,81.26
2024-03-31,23,49.35922105263158,32.0,17.359221052631582,0.8,171.91313684210527,48.0,123.91313684210527,1.2,106.55391578947369,1.03,117.29,116.26
2024-04-01,24,24.216126315789477,32.0,-7.783873684210523,0.8,117.85431578947372,48.0,69.8543157894737,1.2,77.63818947368422,-0.01,64.49,64.5
2024-04-02,24,61.88174736842107,32.0,29.881747368421067,0.8,183.94,48.0,135.94,1.2000000000000002,106.05825263157894,-1.09,95.39,96.48
2024-04-03,24,57.392842105263156,32.0,25.392842105263156,0.8,122.95955789473686,64.0,58.95955789473686,1.6,33.566715789473704,63.89,123.3,59.41
2024-04-04,24,27.261094736842097,32.0,-4.738905263157903,0.8,32.04903047091413,21.052631578947366,10.99639889196677,0.5263157894736841,15.735304155124673,50.17,90.66,40.489999999999995
2024-04-05,24,-15.290673684210528,32.0,-47.29067368421053,0.8,123.72932631578948,48.0,75.72932631578948,1.2,123.02000000000001,-0.1,84.24,84.33999999999999
2024-04-06,24,44.19058947368421,32.0,12.190589473684213,0.8,232.71920000000006,48.0,184.71920000000003,1.2,172.52861052631582,-59.92,73.99,133.91
2024-04-07,24,87.14069473684211,32.0,55.14069473684211,0.8,151.88835789473686,48.0,103.88835789473686,1.2000000000000002,48.74766315789475,-26.79,108.39,135.18
2024-04-08,24,57.64336842105266,32.0,25.643368421052656,0.8,203.39218947368425,64.0,139.39218947368428,1.6,113.74882105263163,57.89,149.78,91.89
2024-04-09,24,28.03947368421053,32.0,-3.960526315789469,0.8,152.0518914127424,53.05263157894737,98.99925983379504,1.3263157894736841,102.9597861495845,10.09,90.9,80.81
2024-04-10,24,128.57326315789476,32.0,96.57326315789476,0.8,327.5919157894737,64.0,263.5919157894737,1.6,167.01865263157896,5.95,191.19,185.24
2024-04-11,24,56.613515789473695,32.0,24.613515789473695,0.8,198.81810526315792,48.0,150.81810526315792,1.2,126.20458947368422,0.57,137.82,137.25
2024-04-12,24,31.752421052631597,32.0,-0.24757894736840313,0.8,206.94023157894742,48.0,158.9402315789474,1.2000000000000002,159.1878105263158,-0.07,125.95,126.02
2024-04-13,24,55.81669473684211,32.0,23.81669473684211,0.8,236.6964842105263,48.0,188.69648421052634,1.2000000000000002,164.87978947368424,-55.01,73.44,128.45
2024-04-14,24,38.46915789473687,32.0,6.469157894736867,0.8,207.7472853185596,37.05263157894737,170.6946537396122,0.9263157894736842,164.22549584487533,-60.07,119.91,179.98
2024-04-15,24,15.627873684210535,32.0,-16.372126315789465,0.8,262.4120421052632,64.0,198.4120421052632,1.6,214.78416842105267,7.8,169.15,161.35
2024-04-16,24,80.7590105263158,32.0,48.759010526315805,0.8,147.47802548476457,53.05263157894737,94.4253939058172,1.3263157894736843,45.6663833795014,0.04,124.52,124.47999999999999
2024-04-17,24,54.79366315789473,32.0,22.793663157894727,0.8,231.06627368421056,64.0,167.06627368421056,1.6,144.27261052631582,77.03,169.97,92.94
2024-04-18,24,18.413747368421042,32.0,-13.586252631578958,0.8,158.3220210526316,64.0,94.32202105263161,1.6,107.90827368421057,70.7,155.8,85.10000000000001
2024-04-19,24,2.6185052631578998,32.0,-29.3814947368421,0.8,43.883118005540155,37.05263157894737,6.830486426592813,0.9263157894736842,36.21198116343491,44.56,77.21,32.64999999999999
2024-04-20,24,7.055094736842108,32.0,-24.944905263157892,0.8,106.42888421052635,32.0,74.42888421052633,0.8,99.37378947368423,10.55,97.04,86.49000000000001
2024-04-21,24,-7.657010526315787,32.0,-39.65701052631579,0.8,135.3120210526316,32.00000000000001,103.3120210526316,0.8000000000000002,142.96903157894738,-0.9,95.26,96.16000000000001
2024-04-22,24,54.529157894736855,32.0,22.529157894736855,0.8,176.3152,64.0,112.31520000000003,1.6,89.78604210526318,73.67,170.96,97.29
2024-04-23,24,25.758884210526332,32.0,-6.2411157894736675,0.8,170.29553684210526,64.0,106.29553684210526,1.6,112.53665263157893,77.26,181.26,103.99999999999999
2024-04-24,24,32.837684210526334,32.0,0.8376842105263336,0.8,117.72530193905816,53.05263157894737,64.67267036011081,1.3263157894736843,63.83498614958448,74.86,143.44,68.58
2024-04-25,24,37.3452210526316,32.0,5.345221052631601,0.8,169.41178947368422,64.0,105.41178947368425,1.6,100.06656842105265,66.41,152.29,85.88
2024-04-26,24,26.669052631578964,32.0,-5.330947368421036,0.8,107.82248753462606,53.05263157894737,54.769855955678715,1.3263157894736841,60.10080332409975,65.37,141.58,76.21000000000001
2024-04-27,24,18.624842105263177,32.0,-13.375157894736823,0.8,192.03027368421056,48.0,144.03027368421058,1.2000000000000002,157.4054315789474,-0.06,119.9,119.96000000000001
2024-04-28,24,-21.49174736842106,32.0,-53.49174736842106,0.8,208.73621052631583,32.00000000000001,176.73621052631583,0.8000000000000002,230.2279578947369,-65.06,78.56,143.62
2024-04-29,24,77.41606315789474,32.0,45.41606315789474,0.8,293.44892631578944,64.0,229.44892631578946,1.6,184.03286315789472,33.63,204.57,170.94
2024-04-30,24,26.958884210526328,32.0,-5.041115789473672,0.8,198.57866260387812,53.05263157894737,145.52603102493077,1.3263157894736841,150.56714681440445,10.0,132.41,122.41
2024-05-01,24,-14.04252631578947,32.0,-46.04252631578947,0.8,310.8245473684211,48.0,262.82454736842107,1.2000000000000002,308.86707368421054,-120.07,66.81,186.88
2024-05-02,24,60.584463157894746,32.0,28.584463157894746,0.8,181.74926315789475,48.0,133.74926315789475,1.2000000000000002,105.1648,-4.19,87.96,92.14999999999999
2024-05-03,24,22.431115789473694,32.0,-9.568884210526306,0.8,86.17036011080333,53.05263157894737,33.11772853185596,1.3263157894736843,42.686612742382266,57.95,119.94,61.989999999999995
2024-05-04,24,17.13892631578949,32.0,-14.86107368421051,0.8,179.8552210526316,48.0,131.8552210526316,1.2,146.71629473684212,13.34,135.4,122.06
2024-05-05,24,-5.905726315789465,32.0,-37.905726315789465,0.8,154.9384210526316,32.0,122.93842105263161,0.8000000000000002,160.8441473684211,-0.97,111.92,112.89
2024-05-06,24,41.011157894736854,32.0,9.011157894736854,0.8,127.1017396121884,53.05263157894737,74.04910803324104,1.3263157894736841,65.03795013850419,74.71,143.99,69.28000000000002
2024-05-07,24,33.81147368421054,32.0,1.8114736842105401,0.8,147.88993684210527,64.0,83.8899368421053,1.6,82.07846315789476,65.53,151.05,85.52000000000001
2024-05-08,24,29.30080000000001,32.0,-2.6991999999999905,0.8,111.74370858725761,53.05263157894737,58.691077008310245,1.3263157894736841,61.390277008310235,66.58,134.42,67.83999999999999
2024-05-09,24,2.054631578947351,32.0,-29.94536842105265,0.8,194.853747368421,48.00000000000001,146.85374736842107,1.2000000000000002,176.79911578947372,-2.03,132.79,134.82
2024-05-10,24,36.436778947368424,32.0,4.436778947368424,0.8,273.3634947368421,64.0,209.36349473684217,1.5999999999999999,204.92671578947375,0.02,170.72,170.7
2024-05-11,24,2.10570526315788,32.0,-29.89429473684212,0.8,231.54825263157898,48.0,183.54825263157898,1.2,213.4425473684211,-24.23,122.5,146.73
2024-05-12,24,-6.870147368421051,32.0,-38.87014736842105,0.8,357.20120000000003,48.0,309.20120000000003,1.2000000000000002,348.0713473684211,-135.45,75.74,211.19
2024-05-13,24,93.95465263157897,32.0,61.954652631578966,0.8,305.8386105263158,64.0,241.83861052631585,1.6,179.88395789473688,-2.69,146.18,148.87
2024-05-14,24,35.3343157894737,32.0,3.334315789473699,0.8,274.2282315789474,64.0,210.22823157894737,1.6,206.89391578947368,-42.95,93.47,136.42000000000002
2024-05-15,24,50.11953684210526,32.0,18.119536842105262,0.8,246.47789473684213,64.0,182.47789473684213,1.6,164.35835789473686,-11.18,110.2,121.38
2024-05-16,24,24.97856842105262,32.0,-7.021431578947379,0.8,197.92796565096955,53.05263157894737,144.87533407202218,1.3263157894736843,151.89676565096957,-0.71,109.91,110.61999999999999
2024-05-17,24,-1.2765263157894822,32.0,-33.27652631578948,0.8,128.7478105263158,48.0,80.7478105263158,1.2000000000000002,114.02433684210528,28.24,107.94,79.7
2024-05-18,24,11.264063157894725,32.0,-20.735936842105275,0.8,181.79056842105268,48.0,133.79056842105263,1.2000000000000002,154.5265052631579,-2.79,131.66,134.45
2024-05-19,24,-34.96951578947369,32.0,-66.96951578947369,0.8,190.84946925207757,37.05263157894737,153.7968376731302,0.9263157894736843,220.7663534626039,-15.13,122.86,137.99
2024-05-20,24,5.280231578947365,32.0,-26.719768421052635,0.8,211.9233684210527,48.0,163.92336842105266,1.2000000000000002,190.6431368421053,-0.33,135.9,136.23000000000002
2024-05-21,24,48.34960000000001,32.0,16.34960000000001,0.8,193.60873684210526,64.0,129.60873684210526,1.6,113.25913684210525,28.47,126.98,98.51
2024-05-22,24,52.35461052631581,32.0,20.35461052631581,0.8,166.32898947368423,64.0,102.32898947368425,1.6,81.97437894736844,54.12,154.88,100.75999999999999
2024-05-23,24,39.73665263157895,32.0,7.736652631578949,0.8,202.69888421052633,64.0,138.69888421052633,1.6,130.96223157894738,45.31,180.06,134.75
2024-05-24,24,20.998484210526314,32.0,-11.001515789473686,0.8,67.5156421052632,48.0,19.515642105263197,1.2,30.517157894736883,84.27,129.99,45.72000000000001
2024-05-25,24,-6.685389473684211,32.0,-38.68538947368421,0.8,181.24500498614958,37.05263157894737,144.1923734072022,0.9263157894736843,182.87776288088642,0.0,136.95,136.95
2024-05-26,24,5.103705263157906,32.0,-26.896294736842094,0.8,221.92787368421054,48.0,173.9278736842105,1.2,200.8241684210526,-23.88,121.1,144.98
2024-05-27,24,69.98096842105265,32.0,37.98096842105265,0.8,229.640652631579,64.0,165.640652631579,1.6,127.65968421052635,72.96,221.46,148.5
2024-05-28,24,23.37968421052632,32.0,-8.620315789473679,0.8,141.88026592797786,53.05263157894737,88.82763434903049,1.3263157894736841,97.44795013850417,55.25,144.31,89.06
2024-05-29,24,29.56037894736842,32.0,-2.43962105263158,0.8,125.99400927977838,56.05263157894737,69.94137770083104,1.401315789473684,72.38099875346262,45.91,143.26,97.35
2024-05-30,24,17.33486315789473,32.0,-14.66513684210527,0.8,119.53004210526315,48.0,71.53004210526318,1.2,86.19517894736845,62.97,154.73,91.75999999999999
2024-05-31,24,17.6288,32.0,-14.371200000000002,0.8,85.0859512465374,53.05263157894737,32.03331966759004,1.3263157894736843,46.404519667590044,65.3,115.0,49.7
2024-06-01,24,-5.726736842105254,32.0,-37.726736842105254,0.8,125.86837894736843,32.0,93.86837894736843,0.8000000000000002,131.59511578947368,2.92,88.82,85.89999999999999
2024-06-02,24,-40.67355789473684,32.0,-72.67355789473683,0.8,140.46667368421055,32.00000000000001,108.46667368421053,0.8000000000000002,181.14023157894735,-19.58,109.01,128.59
2024-06-03,24,54.13846315789472,32.0,22.13846315789472,0.8,313.7498736842105,64.0,249.74987368421057,1.6,227.61141052631586,67.3,215.28,147.98000000000002
2024-06-04,24,66.04033684210528,32.0,34.040336842105276,0.8,371.7624421052632,64.0,307.7624421052633,1.6,273.722105263158,43.86,235.52,191.66000000000003
2024-06-05,24,39.712294736842125,32.0,7.712294736842125,0.8,267.4506105263158,64.0,203.45061052631587,1.6,195.73831578947375,26.3,158.02,131.72
2024-06-06,24,-9.702252631578943,32.0,-41.70225263157894,0.8,249.4781263157895,64.0,185.4781263157895,1.5999999999999999,227.18037894736844,19.5,167.72,148.22
2024-06-07,24,-3.701031578947365,32.0,-35.701031578947365,0.8,224.3423047091413,53.05263157894737,171.28967313019393,1.3263157894736843,206.9907047091413,13.08,154.75,141.67
2024-06-08,24,-55.983726315789475,32.0,-87.98372631578948,0.8,196.99938947368423,32.0,164.99938947368423,0.8000000000000002,252.98311578947371,-30.03,100.0,130.03
2024-06-09,24,-1.8506315789473575,32.0,-33.85063157894736,0.8,204.0132421052632,32.00000000000001,172.0132421052632,0.8000000000000002,205.86387368421055,-37.14,115.86,153.0
2024-06-10,24,37.22416842105264,32.0,5.224168421052639,0.8,212.58336842105268,64.0,148.58336842105268,1.6,143.35920000000004,65.88,185.18,119.30000000000001
2024-06-11,24,0.16368421052632698,32.0,-31.836315789473673,0.8,215.60555789473688,64.0,151.60555789473688,1.6,183.44187368421055,0.0,127.64,127.64
2024-06-12,24,11.20452631578948,32.0,-20.79547368421052,0.8,210.86370526315793,64.0,146.86370526315793,1.5999999999999999,167.65917894736845,39.68,154.66,114.97999999999999
2024-06-13,24,36.0468842105263,32.0,4.046884210526301,0.8,250.48526315789474,64.0,186.48526315789474,1.6,182.43837894736845,43.35,188.35,145.0
2024-06-14,24,61.53157894736842,32.0,29.531578947368423,0.8,197.70749868421055,67.0,130.70749868421055,1.675,101.17591973684213,40.74,136.0,95.25999999999999
2024-06-15,24,-37.53421052631579,32.0,-69.53421052631579,0.8,262.7325684210527,48.0,214.7325684210527,1.2,284.2667789473685,-80.01,84.28,164.29000000000002
2024-06-16,24,26.05063157894739,32.0,-5.949368421052611,0.8,169.58755789473685,32.00000000000001,137.58755789473685,0.8000000000000002,143.53692631578946,-35.67,124.28,159.95
2024-06-17,24,50.00503157894738,32.0,18.00503157894738,0.8,298.99227368421055,64.0,234.99227368421055,1.6,216.98724210526316,39.45,210.16,170.70999999999998
2024-06-18,24,63.1551157894737,32.0,31.155115789473697,0.8,219.40141052631583,64.0,155.40141052631583,1.6,124.24629473684213,51.03,171.87,120.84
2024-06-19,24,-8.780421052631567,32.0,-40.78042105263157,0.8,174.9758448753463,42.105263157894726,132.87058171745156,1.0526315789473681,173.65100277008312,22.41,143.66,121.25
2024-06-20,24,53.81555789473687,32.0,21.81555789473687,0.8,215.79446315789477,64.0,151.79446315789477,1.6,129.9789052631579,53.81,200.09,146.28
2024-06-21,24,27.67096842105265,32.0,-4.329031578947351,0.8,86.51953684210528,64.0,22.519536842105282,1.6,26.848568421052633,78.22,122.8,44.58
2024-06-22,24,20.691094736842118,32.0,-11.308905263157882,0.8,173.24545263157896,48.0,125.24545263157897,1.2,136.55435789473685,-0.07,124.05,124.11999999999999
2024-06-23,24,-20.685263157894738,32.0,-52.68526315789474,0.8,160.1194315789474,32.0,128.1194315789474,0.8000000000000002,180.80469473684212,-2.21,115.44,117.64999999999999
2024-06-24,24,29.600736842105277,32.0,-2.3992631578947226,0.8,297.5921052631579,64.0,233.59210526315792,1.5999999999999999,235.99136842105264,29.96,209.32,179.35999999999999
2024-06-25,24,15.416421052631591,32.0,-16.58357894736841,0.8,227.50262603878116,53.05263157894737,174.44999445983382,1.3263157894736841,191.03357340720223,-0.05,136.69,136.74
2024-06-26,24,-1.9893473684210363,32.0,-33.989347368421036,0.8,77.40980720221607,37.05263157894737,40.3571756232687,0.9263157894736842,74.34652299168974,76.54,134.39,57.84999999999998
2024-06-27,24,-18.714715789473672,32.0,-50.71471578947367,0.8,255.43143157894735,64.0,191.43143157894738,1.6,242.14614736842105,44.56,200.04,155.48
2024-06-28,24,-73.32307368421053,32.0,-105.32307368421053,0.8,220.6798659279779,37.05263157894737,183.62723434903052,0.9263157894736843,288.9503080332411,-9.95,138.06,148.01
2024-06-29,24,-0.9721894736842103,32.0,-32.97218947368421,0.8,210.3776,48.0,162.37760000000003,1.2000000000000002,195.34978947368424,-0.23,139.2,139.42999999999998
2024-06-30,24,-19.39216842105263,32.0,-51.39216842105263,0.8,133.31778947368423,32.0,101.31778947368423,0.8000000000000002,152.70995789473687,-1.51,102.39,103.9
2024-07-01,24,-8.372442105263161,32.0,-40.37244210526316,0.8,251.7085263157895,64.0,187.70852631578953,1.6,228.0809684210527,34.61,166.79,132.18
2024-07-02,24,-1.9118736842105193,32.0,-33.91187368421052,0.8,60.51467368421055,32.0,28.514673684210535,0.8000000000000002,62.426547368421055,60.93,115.0,54.07
2024-07-03,24,42.061326315789486,32.0,10.061326315789486,0.8,164.44343157894735,64.0,100.44343157894738,1.6,90.3821052631579,63.18,163.89,100.70999999999998
2024-07-04,24,-36.37747368421053,32.0,-68.37747368421053,0.8,220.3634238227147,69.05263157894737,151.3107922437673,1.7263157894736842,219.68826592797785,-19.09,115.3,134.39
2024-07-05,24,22.994694736842106,32.0,-9.005305263157894,0.8,201.588177631579,67.0,134.588177631579,1.675,143.5934828947369,-0.78,142.36,143.14000000000001
2024-07-06,24,-48.93612631578948,32.0,-80.93612631578948,0.8,159.63968421052633,32.0,127.63968421052633,0.8000000000000002,208.57581052631582,-48.07,89.1,137.17
2024-07-07,24,29.540926315789477,32.0,-2.459073684210523,0.8,144.05755235457065,37.05263157894737,107.00492077562326,0.9263157894736842,109.46399445983378,-22.37,133.17,155.54
2024-07-08,24,30.665852631578943,32.0,-1.334147368421057,0.8,341.453452631579,64.0,277.453452631579,1.5999999999999999,278.78760000000005,29.45,257.35,227.90000000000003
2024-07-09,24,43.28789473684211,32.0,11.287894736842112,0.8,248.75054736842108,48.0,200.75054736842108,1.2,189.46265263157898,2.71,151.5,148.79
2024-07-10,24,8.037031578947378,32.0,-23.962968421052622,0.8,200.38082105263163,64.0,136.38082105263163,1.6,160.34378947368424,44.58,164.08,119.50000000000001
2024-07-11,24,4.321052631578965,32.0,-27.678947368421035,0.8,222.40715789473688,64.0,158.40715789473688,1.5999999999999999,186.08610526315792,44.48,184.33,139.85000000000002
2024-07-12,24,8.963852631578959,32.0,-23.03614736842104,0.8,17.821305263157896,16.0,1.821305263157896,0.4,24.857452631578937,78.04,109.92,31.879999999999995
2024-07-13,24,-29.833136842105265,32.0,-61.83313684210526,0.8,121.16029473684213,32.0,89.16029473684213,0.8000000000000002,150.9934315789474,-14.9,78.84,93.74000000000001
2024-07-14,24,-16.275347368421038,32.0,-48.27534736842104,0.8,280.17421052631585,32.00000000000001,248.17421052631585,0.8000000000000002,296.44955789473687,-73.96,115.8,189.76
2024-07-15,24,99.99827368421053,32.0,67.99827368421053,0.8,421.2777473684211,64.0,357.27774736842116,1.6,289.27947368421064,-0.07,224.96,225.03
2024-07-16,24,3.6505894736842066,32.0,-28.349410526315793,0.8,248.35184376731306,69.05263157894737,179.2992121883657,1.7263157894736842,207.6486227146815,-11.48,121.6,133.07999999999998
2024-07-17,24,0.9633263157894874,32.0,-31.036673684210513,0.8,262.56381052631576,64.0,198.5638105263158,1.6,229.6004842105263,10.8,187.95,177.14999999999998
2024-07-18,24,7.727284210526321,32.0,-24.27271578947368,0.8,279.77163767313016,53.05263157894737,226.71900609418284,1.3263157894736841,250.9917218836565,33.96,227.6,193.64
2024-07-19,24,10.675136842105275,32.0,-21.324863157894725,0.8,211.3444831024931,53.05263157894737,158.29185152354572,1.3263157894736841,179.61671468144044,36.2,190.46,154.26
2024-07-20,24,3.5375157894736873,32.0,-28.462484210526313,0.8,208.556,48.0,160.556,1.2000000000000002,189.0184842105263,-4.65,134.75,139.4
2024-07-21,24,20.818821052631563,32.0,-11.181178947368437,0.8,177.71427368421055,48.0,129.71427368421055,1.2,140.895452631579,-0.21,128.12,128.33
2024-07-22,24,-23.079726315789465,32.0,-55.079726315789465,0.8,308.6443789473685,80.0,228.64437894736847,2.0,283.7241052631579,19.41,186.24,166.83
2024-07-23,24,-6.63282105263157,32.0,-38.63282105263157,0.8,148.91755789473686,48.0,100.91755789473686,1.2000000000000002,139.55037894736842,36.01,120.51,84.5
2024-07-24,24,-23.848842105263145,32.0,-55.848842105263145,0.8,217.37749473684215,48.0,169.37749473684212,1.2,225.22633684210527,-2.06,128.9,130.96
2024-07-25,24,24.165705263157903,32.0,-7.8342947368420965,0.8,235.1988210526316,64.0,171.19882105263162,1.6,179.0331157894737,13.27,155.72,142.45
2024-07-26,24,-0.7839368421052484,32.0,-32.78393684210525,0.8,138.16252631578945,64.0,74.1625263157895,1.6,106.94646315789475,60.19,143.25,83.06
2024-07-27,24,2.962484210526327,32.0,-29.037515789473673,0.8,142.50454736842107,32.0,110.50454736842107,0.8000000000000002,139.54206315789475,17.8,123.1,105.3
2024-07-28,24,-50.82145263157895,32.0,-82.82145263157895,0.8,252.78896509695295,37.05263157894737,215.73633351800555,0.9263157894736843,298.5577861495845,-48.69,115.66,164.35
2024-07-29,24,20.79269473684211,32.0,-11.207305263157892,0.8,310.9181263157895,64.0,246.91812631578952,1.5999999999999999,258.1254315789474,-1.7,178.07,179.76999999999998
2024-07-30,24,16.797221052631585,32.0,-15.202778947368415,0.8,281.44694736842104,64.0,217.4469473684211,1.5999999999999999,232.6497263157895,-0.06,177.13,177.19
2024-07-31,24,8.097536842105256,32.0,-23.902463157894744,0.8,172.64399889196676,37.05263157894737,135.59136731301942,0.9263157894736842,159.49383047091416,11.36,136.15,124.79
2024-08-01,24,1.490000000000009,32.0,-30.50999999999999,0.8,113.8881030470914,37.05263157894737,76.83547146814405,0.9263157894736842,107.34547146814404,60.38,138.07,77.69
2024-08-02,24,15.78848421052632,32.0,-16.21151578947368,0.8,143.0855867036011,53.05263157894737,90.03295512465377,1.3263157894736843,106.24447091412745,50.58,146.19,95.61
2024-08-03,24,0.42355789473685945,32.0,-31.57644210526314,0.8,180.05810637119114,37.05263157894737,143.00547479224377,0.9263157894736842,174.58191689750691,4.1,136.64,132.54
2024-08-04,24,-38.211010526315796,32.0,-70.21101052631579,0.8,180.93936842105265,32.00000000000001,148.93936842105265,0.8000000000000002,219.15037894736844,-2.16,124.99,127.14999999999999
2024-08-05,24,29.862042105263157,32.0,-2.137957894736843,0.8,316.41741052631585,64.0,252.41741052631585,1.5999999999999999,254.5553684210527,36.35,250.01,213.66
2024-08-06,24,41.05475789473688,32.0,9.05475789473688,0.8,349.8345894736842,64.0,285.8345894736843,1.6,276.7798315789474,2.95,230.85,227.9
2024-08-07,24,12.031578947368416,32.0,-19.968421052631584,0.8,184.83116454293634,53.05263157894737,131.77853296398894,1.3263157894736841,151.74695401662052,35.05,149.28,114.23
2024-08-08,24,20.991642105263168,32.0,-11.008357894736832,0.8,232.52333185595572,53.05263157894737,179.47070027700835,1.3263157894736841,190.47905817174518,32.18,197.31,165.13
2024-08-09,24,-48.73604210526315,32.0,-80.73604210526315,0.8,206.38663331024932,56.05263157894737,150.33400173130195,1.4013157894736843,231.0700438365651,-0.8,124.97,125.77
2024-08-10,24,-56.85715789473684,32.0,-88.85715789473684,0.8,239.29880000000003,32.0,207.29880000000003,0.8000000000000002,296.15595789473684,-40.77,133.0,173.77
2024-08-11,24,-6.921894736842091,32.0,-38.92189473684209,0.8,292.91983157894737,37.05263157894737,255.86720000000005,0.9263157894736842,294.7890947368421,-59.96,137.18,197.14000000000001
2024-08-12,24,72.73145263157897,32.0,40.731452631578975,0.8,395.8294315789474,64.0,331.82943157894744,1.6,291.09797894736846,6.98,224.84,217.86
2024-08-13,24,66.63966315789477,32.0,34.63966315789477,0.8,280.2302315789474,64.0,216.23023157894738,1.6,181.5905684210526,40.37,205.35,164.98
2024-08-14,24,24.17109473684212,32.0,-7.828905263157878,0.8,216.50326315789476,64.0,152.50326315789476,1.6,160.33216842105264,72.85,218.92,146.07
2024-08-15,24,34.30467368421054,32.0,2.3046736842105418,0.8,246.22848421052635,48.0,198.22848421052635,1.2,195.9238105263158,-0.04,160.3,160.34
2024-08-16,24,84.68513684210528,32.0,52.68513684210528,0.8,313.0514315789474,64.0,249.0514315789474,1.6,196.36629473684212,47.57,243.12,195.55
2024-08-17,24,17.916463157894754,32.0,-14.083536842105246,0.8,150.90065263157896,48.0,102.90065263157898,1.2000000000000002,116.98418947368422,39.43,149.18,109.75
2024-08-18,24,-22.18218947368422,32.0,-54.18218947368422,0.8,132.90795789473685,32.00000000000001,100.90795789473687,0.8000000000000002,155.09014736842107,17.72,115.68,97.96000000000001
2024-08-19,24,73.91947368421056,32.0,41.91947368421056,0.8,250.26621052631583,64.0,186.26621052631583,1.6,144.34673684210526,78.87,203.83,124.96000000000001
2024-08-20,24,42.95014736842106,32.0,10.950147368421057,0.8,249.25618947368423,64.0,185.25618947368423,1.6,174.30604210526317,18.22,158.81,140.59
2024-08-21,24,0.8828000000000031,32.0,-31.117199999999997,0.8,260.6720421052632,67.0,193.6720421052632,1.675,224.78924210526318,-21.28,140.35,161.63
2024-08-22,24,13.861642105263144,32.0,-18.138357894736856,0.8,239.21494736842106,64.0,175.21494736842106,1.6,193.35330526315792,-4.35,129.46,133.81
2024-08-23,24,-4.873873684210508,32.0,-36.87387368421051,0.8,211.33981052631583,64.0,147.33981052631583,1.6,184.21368421052634,-16.55,123.15,139.70000000000002
2024-08-24,24,-7.28117894736841,32.0,-39.28117894736841,0.8,246.6083368421053,48.0,198.6083368421053,1.2000000000000002,237.8895157894737,-44.18,110.45,154.63
2024-08-25,24,67.2042105263158,32.0,35.204210526315805,0.8,124.64109473684212,32.0,92.64109473684212,0.8000000000000002,57.436884210526316,-20.01,119.45,139.46
2024-08-26,24,55.02330526315788,32.0,23.02330526315788,0.8,359.76086315789473,64.0,295.76086315789473,1.6,272.7375578947368,17.55,231.06,213.51
2024-08-27,24,85.44473684210529,32.0,53.444736842105286,0.8,395.5099157894737,64.0,331.5099157894738,1.6,278.0651789473685,1.18,232.25,231.07
2024-08-28,24,57.4895157894737,32.0,25.4895157894737,0.8,327.6021473684211,64.0,263.6021473684211,1.6,238.11263157894737,8.17,204.03,195.86
2024-08-29,24,74.41111578947373,32.0,42.411115789473726,0.8,359.9222315789474,64.0,295.9222315789474,1.6,253.51111578947365,45.25,289.27,244.01999999999998
2024-08-30,24,42.312463157894754,32.0,10.312463157894754,0.8,156.90397894736847,64.0,92.9039789473685,1.6,82.59151578947375,79.08,156.11,77.03000000000002
2024-08-31,24,35.867642105263144,32.0,3.867642105263144,0.8,224.4482315789474,48.0,176.4482315789474,1.2,172.58058947368426,-0.8,148.29,149.09
2024-09-01,24,33.00305263157895,32.0,1.003052631578953,0.8,227.88132631578947,48.0,179.8813263157895,1.2000000000000002,178.87827368421054,-24.0,131.6,155.6
2024-09-02,24,105.24063157894741,32.0,73.24063157894741,0.8,266.5415789473684,64.0,202.54157894736846,1.6,129.30094736842105,81.19,255.4,174.21
2024-09-03,24,463.7813473684211,32.0,431.7813473684211,0.8,832.9919157894738,64.0,768.991915789474,1.6,337.21056842105287,82.69,656.37,573.6800000000001
2024-09-04,24,154.08587368421053,32.0,122.08587368421053,0.8,362.3276631578947,64.0,298.32766315789473,1.6,176.2417894736842,89.2,320.07,230.87
2024-09-05,24,9.05058947368422,32.0,-22.94941052631578,0.8,231.30928421052633,64.0,167.30928421052633,1.6,190.2586947368421,-19.68,119.04,138.72
2024-09-06,24,48.225789473684216,32.0,16.225789473684216,0.8,244.52381052631583,64.0,180.52381052631583,1.6,164.2980210526316,12.48,136.49,124.01
2024-09-07,24,51.36747368421054,32.0,19.367473684210537,0.8,222.8522315789474,48.0,174.8522315789474,1.2,155.48475789473684,0.44,150.4,149.96
2024-09-08,24,33.261684210526326,32.0,1.261684210526326,0.8,168.7054315789474,32.00000000000001,136.7054315789474,0.8000000000000002,135.4437473684211,0.01,128.12,128.11
2024-09-09,24,36.67909473684212,32.0,4.679094736842117,0.8,135.22197894736843,64.0,71.22197894736843,1.6,66.54288421052631,78.68,159.57,80.88999999999999
2024-09-10,24,22.826884210526337,32.0,-9.173115789473663,0.8,215.3167778393352,53.05263157894737,162.2641462603878,1.3263157894736843,171.43726204986146,-0.16,129.9,130.06
2024-09-11,24,75.5577263157895,32.0,43.557726315789495,0.8,156.89604210526318,64.0,92.8960421052632,1.6,49.33831578947371,32.99,142.86,109.87
2024-09-12,24,153.41414736842108,32.0,121.41414736842108,0.8,356.3255157894737,64.0,292.3255157894737,1.6,170.9113684210526,78.23,300.01,221.77999999999997
2024-09-13,24,24.048947368421047,32.0,-7.951052631578953,0.8,95.28183157894739,51.0,44.28183157894739,1.275,52.23288421052634,60.99,132.24,71.25
2024-09-14,24,50.78844210526316,32.0,18.788442105263158,0.8,181.01039335180056,53.05263157894736,127.9577617728532,1.3263157894736843,109.16931966759005,-0.46,126.58,127.03999999999999
2024-09-15,24,47.516884210526314,32.0,15.516884210526314,0.8,174.04900609418286,37.05263157894737,136.9963745152355,0.9263157894736842,121.47949030470917,-0.41,133.16,133.57
2024-09-16,24,26.229557894736843,32.0,-5.770442105263157,0.8,117.95046315789475,64.0,53.950463157894745,1.6,59.7209052631579,75.37,146.06,70.69
2024-09-17,24,44.06981052631578,32.0,12.069810526315777,0.8,195.95024044321332,53.05263157894737,142.89760886426595,1.3263157894736843,130.82779833795018,25.64,137.52,111.88000000000001
2024-09-18,24,44.070505263157884,32.0,12.070505263157884,0.8,265.260652631579,64.0,201.26065263157895,1.6,189.19014736842107,-0.09,141.92,142.01
2024-09-19,24,52.8123157894737,32.0,20.8123157894737,0.8,271.0153684210527,64.0,207.0153684210527,1.6,186.203052631579,-0.09,143.24,143.33
2024-09-20,24,46.837031578947375,32.0,14.837031578947375,0.8,259.30183379501386,53.05263157894737,206.24920221606652,1.3263157894736843,191.41217063711915,-0.01,145.72,145.73
2024-09-21,24,57.76427368421055,32.0,25.76427368421055,0.8,215.94545263157897,48.0,167.94545263157897,1.2000000000000002,142.18117894736844,-3.95,141.99,145.94
2024-09-22,24,61.12149473684211,32.0,29.12149473684211,0.8,222.81387368421053,48.0,174.8138736842106,1.2000000000000002,145.69237894736847,-0.08,157.18,157.26000000000002
2024-09-23,24,260.5470105263158,32.0,228.54701052631577,0.8,458.7794315789473,64.0,394.77943157894737,1.6,166.2324210526316,76.55,328.39,251.83999999999997
2024-09-24,24,60.987073684210536,32.0,28.987073684210536,0.8,164.95347368421054,64.0,100.95347368421054,1.6,71.9664,60.58,141.96,81.38000000000001
2024-09-25,24,155.35945263157896,32.0,123.35945263157896,0.8,274.25755789473686,64.0,210.25755789473686,1.6,86.8981052631579,18.78,195.42,176.64
2024-09-26,24,53.715789473684225,32.0,21.715789473684225,0.8,169.50273684210532,64.0,105.50273684210529,1.6,83.78694736842107,12.08,89.0,76.92
2024-09-27,24,73.43861052631578,32.0,41.438610526315784,0.8,136.9612210526316,64.0,72.96122105263159,1.6,31.522610526315802,-6.32,62.55,68.87
2024-09-28,24,66.73002105263157,32.0,34.73002105263157,0.8,101.8001074792244,37.05263157894737,64.74747590027702,0.9263157894736842,30.017454847645453,0.0,100.08,100.08
2024-09-29,24,171.6048210526316,32.0,139.6048210526316,0.8,327.8607157894737,64.0,263.8607157894737,1.6,124.25589473684212,-0.5,167.32,167.82
2024-09-30,24,90.82164210526317,32.0,58.821642105263166,0.8,224.2967157894737,64.0,160.2967157894737,1.6,101.47507368421053,2.06,93.55,91.49
2024-10-01,24,140.66625263157897,32.0,108.66625263157897,0.8,216.3163157894737,64.0,152.3163157894737,1.6,43.65006315789472,0.02,136.51,136.48999999999998
2024-10-02,24,49.968505263157894,32.0,17.968505263157894,0.8,119.08890526315788,64.0,55.08890526315787,1.6,37.120399999999975,74.93,135.7,60.76999999999998
2024-10-03,24,47.3921894736842,32.0,15.392189473684198,0.8,91.16670692520776,37.05263157894737,54.11407534626039,0.9263157894736842,38.721885872576195,33.98,115.32,81.34
2024-10-04,24,73.03934736842106,32.0,41.03934736842106,0.8,163.59046315789476,64.0,99.59046315789482,1.6,58.551115789473755,72.0,149.02,77.02000000000001
2024-10-05,24,103.12191578947369,32.0,71.12191578947369,0.8,188.63003213296403,53.05263157894737,135.57740055401663,1.3263157894736843,64.45548476454294,38.88,148.65,109.77000000000001
2024-10-06,24,59.96176842105263,32.0,27.961768421052632,0.8,171.99797894736844,48.0,123.99797894736844,1.2000000000000002,96.03621052631581,-0.01,106.3,106.31
2024-10-07,24,264.98875789473686,32.0,232.98875789473686,0.8,345.4745263157895,64.0,281.4745263157895,1.6,48.485768421052626,30.15,237.65,207.5
2024-10-08,24,137.05926315789475,32.0,105.05926315789475,0.8,168.23735290858727,53.05263157894737,115.18472132963991,1.3263157894736841,10.125458171745166,59.67,168.2,108.52999999999999
2024-10-09,24,73.55029473684212,32.0,41.55029473684212,0.8,143.90309473684215,64.0,79.90309473684214,1.6,38.352800000000016,54.32,127.12,72.80000000000001
2024-10-10,24,72.28061052631578,32.0,40.28061052631578,0.8,205.12818947368422,80.0,125.12818947368419,2.0,84.8475789473684,15.94,119.32,103.38
2024-10-11,24,127.31532631578952,32.0,95.31532631578952,0.8,260.95934736842105,64.0,196.9593473684211,1.6,101.64402105263159,57.17,174.24,117.07000000000001
2024-10-12,24,36.68345263157896,32.0,4.683452631578959,0.8,138.0271157894737,48.0,90.0271157894737,1.2000000000000002,85.34366315789474,14.33,90.09,75.76
2024-10-13,24,33.24968421052632,32.0,1.2496842105263184,0.8,54.29063157894737,16.0,38.29063157894737,0.4,37.04094736842105,-15.69,54.05,69.74
2024-10-14,24,288.5984842105264,32.0,256.5984842105264,0.8,386.7026947368421,64.0,322.7026947368422,1.6,66.1042105263158,34.36,269.74,235.38
2024-10-15,24,82.27962105263157,32.0,50.27962105263157,0.8,250.71126315789473,64.0,186.71126315789473,1.6,136.43164210526317,40.78,185.39,144.60999999999999
2024-10-16,24,105.03812631578947,32.0,73.03812631578947,0.8,204.39743157894742,64.0,140.3974315789474,1.6,67.35930526315792,2.04,88.38,86.33999999999999
2024-10-17,24,201.7951157894737,32.0,169.7951157894737,0.8,272.2470315789475,64.0,208.24703157894749,1.6,38.45191578947379,5.61,186.21,180.6
2024-10-18,24,116.99633684210526,32.0,84.99633684210526,0.8,215.37088421052633,64.0,151.37088421052636,1.6,66.37454736842109,78.84,181.28,102.44
2024-10-19,24,72.53517894736842,32.0,40.53517894736842,0.8,101.08941052631579,48.0,53.08941052631579,1.2000000000000002,12.554231578947366,60.96,135.82,74.85999999999999
2024-10-20,24,32.141600000000004,32.0,0.14160000000000394,0.8,148.99726315789474,48.0,100.99726315789474,1.2000000000000002,100.85566315789472,-2.01,75.32,77.33
2024-10-21,24,243.13924210526318,32.0,211.13924210526318,0.8,281.6358349030471,53.05263157894737,228.58320332409983,1.3263157894736841,17.443961218836648,-0.14,222.11,222.25
2024-10-22,24,77.59000000000002,32.0,45.59000000000002,0.8,216.37926315789477,64.0,152.3792631578948,1.6,106.78926315789478,70.88,170.12,99.24000000000001
2024-10-23,24,162.0098947368421,32.0,130.0098947368421,0.8,302.61069473684216,64.0,238.61069473684216,1.6,108.60080000000005,78.97,218.18,139.21
2024-10-24,24,62.88774736842106,32.0,30.88774736842106,0.8,184.51774736842108,64.0,120.51774736842106,1.6,89.63,79.15,171.27,92.12
2024-10-25,24,163.44199999999995,32.0,131.44199999999995,0.8,247.17673684210524,64.0,183.1767368421053,1.6,51.73473684210535,78.18,227.32,149.14
2024-10-26,24,57.34374736842106,32.0,25.343747368421063,0.8,140.0432842105264,48.0,92.0432842105264,1.2000000000000002,66.69953684210533,63.3,150.9,87.60000000000001
2024-10-27,25,59.954400000000035,32.0,27.954400000000035,0.8,140.06955789473687,48.0,92.06955789473693,1.2,64.1151578947369,39.99,148.3,108.31
2024-10-28,24,67.72976842105265,32.0,35.729768421052654,0.8,92.26464376731303,53.05263157894737,39.21201218836568,1.3263157894736841,3.4822437673130224,84.09,148.8,64.71000000000001
2024-10-29,24,193.94429473684212,32.0,161.94429473684212,0.8,303.8578315789473,64.0,239.85783157894735,1.6,77.91353684210523,98.17,285.8,187.63
2024-10-30,24,98.60301052631579,32.0,66.60301052631579,0.8,142.58285540166207,53.05263157894737,89.5302238227147,1.3263157894736843,22.927213296398918,98.05,193.88,95.83
2024-10-31,24,55.48048421052632,32.0,23.48048421052632,0.8,114.2676,64.0,50.267600000000016,1.6,26.787115789473695,64.56,135.53,70.97
2024-11-01,24,61.0704842105263,32.0,29.070484210526303,0.8,111.15039999999999,48.0,63.15039999999999,1.2,34.07991578947369,29.49,119.87,90.38000000000001
2024-11-02,24,62.95393684210525,32.0,30.95393684210525,0.8,79.37313684210525,32.0,47.37313684210528,0.8,16.419200000000032,86.0,158.56,72.56
2024-11-03,24,37.605452631578956,32.0,5.605452631578956,0.8,96.56067368421054,48.0,48.56067368421054,1.2000000000000002,42.955221052631586,52.63,127.91,75.28
2024-11-04,24,167.46574736842106,32.0,135.46574736842106,0.8,313.3628210526316,64.0,249.3628210526316,1.6,113.89707368421054,89.86,290.21,200.34999999999997
2024-11-05,24,475.4513684210526,32.0,443.4513684210526,0.8,641.1643789473684,64.0,577.1643789473684,1.6,133.71301052631577,91.2,505.31,414.11
2024-11-06,24,863.2736842105264,32.0,831.2736842105264,0.8,1281.843452631579,64.0,1217.843452631579,1.6,386.5697684210527,95.47,820.11,724.64
2024-11-07,24,219.65193684210527,32.0,187.65193684210527,0.8,488.73934736842114,64.0,424.7393473684211,1.6,237.0874105263158,99.74,408.26,308.52
2024-11-08,24,29.14406315789475,32.0,-2.855936842105251,0.8,18.94844210526317,16.0,2.948442105263169,0.4,5.80437894736842,97.45,132.91,35.459999999999994
2024-11-09,24,46.41747368421056,32.0,14.417473684210563,0.8,50.07307368421054,32.0,18.07307368421057,0.8,3.655600000000007,96.68,147.8,51.120000000000005
2024-11-10,24,42.18825263157895,32.0,10.188252631578948,0.8,49.20098947368422,32.0,17.200989473684245,0.8,7.012736842105298,100.32,148.72,48.400000000000006
2024-11-11,24,45.44768421052632,32.0,13.447684210526319,0.8,58.80364210526318,32.0,26.80364210526318,0.8,13.35595789473686,97.5,153.18,55.68000000000001
2024-11-12,24,129.5225263157895,32.0,97.52252631578949,0.8,337.0460842105264,64.0,273.0460842105264,1.6,175.52355789473688,102.69,317.89,215.2
2024-11-13,24,77.76132631578947,32.0,45.761326315789475,0.8,164.3945263157895,32.0,132.3945263157895,0.8,86.63320000000003,106.62,227.43,120.81
2024-11-14,24,58.79658947368422,32.0,26.79658947368422,0.8,64.33995789473687,32.0,32.33995789473687,0.8,5.543368421052648,91.41,155.91,64.5
2024-11-15,24,31.66332631578949,32.0,-0.3366736842105098,0.8,66.34772631578953,32.0,34.347726315789515,0.8,34.684400000000025,98.1,157.77,59.670000000000016
2024-11-16,24,40.92149473684211,32.0,8.921494736842106,0.8,61.238736842105254,32.0,29.238736842105254,0.8,20.317242105263148,65.67,118.93,53.260000000000005
2024-11-17,24,13.032210526315794,32.0,-18.967789473684206,0.8,84.90223268698061,37.05263157894737,47.84960110803323,0.9263157894736842,66.81739058171743,34.81,102.84,68.03
2024-11-18,24,114.1255157894737,32.0,82.1255157894737,0.8,148.2580907894737,51.0,97.2580907894737,1.275,15.132575000000003,42.39,161.82,119.42999999999999
2024-11-19,24,47.232547368421066,32.0,15.232547368421066,0.8,85.92414736842106,32.0,53.92414736842106,0.8,38.691599999999994,89.84,157.57,67.72999999999999
2024-11-20,24,59.708884210526335,32.0,27.708884210526335,0.8,112.45574736842113,64.0,48.455747368421044,1.6,20.74686315789471,81.52,142.87,61.35000000000001
2024-11-21,24,80.09021052631581,32.0,48.090210526315815,0.8,111.88861052631583,32.0,79.88861052631583,0.8,31.798400000000015,84.15,182.26,98.10999999999999
2024-11-22,24,59.47073684210527,32.0,27.470736842105268,0.8,118.42549473684215,64.0,54.425494736842154,1.6,26.954757894736886,77.0,144.08,67.08000000000001
2024-11-23,24,40.89473684210525,32.0,8.894736842105253,0.8,70.0706648199446,21.052631578947363,49.018033240997234,0.5263157894736841,40.12329639889198,18.46,104.55,86.09
2024-11-24,24,22.430400000000002,32.0,-9.569599999999998,0.8,0.0,0.0,0.0,0.0,9.569599999999998,-0.05,16.18,16.23
2024-11-25,24,132.67789473684212,32.0,100.67789473684212,0.8,165.2185595567867,53.05263157894737,112.16592797783935,1.3263157894736841,11.488033240997225,-1.86,128.0,129.86
2024-11-26,24,85.76086315789473,32.0,53.76086315789473,0.8,123.0623390581718,53.05263157894737,70.0097074792244,1.3263157894736843,16.24884432132967,70.55,160.91,90.36
2024-11-27,24,30.307852631578967,32.0,-1.6921473684210326,0.8,141.074,32.0,109.074,0.8,110.76614736842103,48.78,184.84,136.06
2024-11-28,24,116.42741052631578,32.0,84.42741052631578,0.8,116.75583157894738,32.0,84.75583157894741,0.8,0.3284210526316258,31.69,158.23,126.53999999999999
2024-11-29,24,36.36698947368423,32.0,4.366989473684228,0.8,95.69138947368423,32.0,63.69138947368424,0.8,59.32440000000001,102.8,181.35,78.55
2024-11-30,24,41.51288421052632,32.0,9.512884210526323,0.8,32.32703157894737,16.0,16.32703157894737,0.4,6.814147368421047,85.2,136.94,51.739999999999995
2024-12-01,24,35.082231578947386,32.0,3.082231578947386,0.8,44.30256842105264,32.0,12.30256842105264,0.8,9.220336842105255,82.38,121.53,39.150000000000006
2024-12-02,24,94.48105263157896,32.0,62.48105263157896,0.8,102.83674605263163,35.0,67.83674605263163,0.875,5.355693421052663,46.44,147.9,101.46000000000001
2024-12-03,24,107.93475789473686,32.0,75.93475789473686,0.8,128.0367578947369,32.0,96.0367578947369,0.8,20.102000000000032,93.22,210.0,116.78
2024-12-04,24,144.78995789473686,32.0,112.78995789473686,0.8,317.28667368421065,64.0,253.28667368421043,1.6,140.49671578947357,110.19,287.76,177.57
2024-12-05,24,42.618778947368426,32.0,10.618778947368426,0.8,93.71816842105262,32.0,61.71816842105264,0.8,51.09938947368421,43.14,143.54,100.39999999999999
2024-12-06,24,137.2017052631579,32.0,105.20170526315789,0.8,137.4669052631579,32.0,105.46690526315791,0.8,0.2652000000000214,2.31,151.07,148.76
2024-12-07,24,13.99846315789474,32.0,-18.00153684210526,0.8,70.08336842105263,32.0,38.08336842105264,0.8,56.0849052631579,39.46,96.45,56.99
2024-12-08,24,15.487747368421047,32.0,-16.512252631578953,0.8,49.06614736842104,32.0,17.066147368421056,0.8,33.57840000000001,75.01,121.38,46.36999999999999
2024-12-09,24,81.99467368421054,32.0,49.99467368421054,0.8,114.40917894736845,48.0,66.40917894736845,1.2,16.414505263157906,34.4,129.81,95.41
2024-12-10,24,101.99787368421055,32.0,69.99787368421055,0.8,133.78307368421054,32.0,101.78307368421055,0.8,31.785200000000003,83.7,202.38,118.67999999999999
2024-12-11,24,333.47105263157897,32.0,301.47105263157897,0.8,468.873452631579,32.0,436.873452631579,0.8,135.40240000000006,106.17,445.08,338.90999999999997
2024-12-12,24,756.8315157894737,32.0,724.8315157894737,0.8,1461.048484210526,64.0,1397.048484210526,1.6,672.2169684210525,107.35,936.28,828.93
2024-12-13,24,182.3898947368421,32.0,150.3898947368421,0.8,326.65269473684214,64.0,262.65269473684214,1.6,112.26280000000003,114.95,284.21,169.26
2024-12-14,24,-2.6790526315789407,32.0,-34.67905263157894,0.8,38.478504155124654,21.052631578947366,17.425872576177284,0.5263157894736842,52.104925207756224,73.81,124.98,51.17
2024-12-15,24,-10.845052631578948,32.0,-42.84505263157895,0.8,53.99237894736843,16.0,37.99237894736843,0.4,80.83743157894739,2.29,73.58,71.28999999999999
2024-12-16,24,94.86932631578948,32.0,62.86932631578948,0.8,113.74189473684211,32.0,81.74189473684211,0.8,18.872568421052634,-0.01,85.22,85.23
2024-12-17,24,97.24778947368421,32.0,65.24778947368421,0.8,113.42515789473684,32.0,81.42515789473684,0.8,16.177368421052634,20.94,127.33,106.39
2024-12-18,24,39.932126315789475,32.0,7.932126315789475,0.8,93.71846315789475,48.0,45.718463157894774,1.2000000000000002,37.7863368421053,21.44,77.58,56.14
2024-12-19,24,90.63035789473685,32.0,58.630357894736846,0.8,91.42193684210528,32.0,59.421936842105275,0.8,0.7915789473684285,0.31,92.58,92.27
2024-12-20,24,88.73905263157897,32.0,56.73905263157897,0.8,125.91475789473688,48.0,77.91475789473688,1.2,21.17570526315791,16.31,109.89,93.58
2024-12-21,24,21.54223157894737,32.0,-10.45776842105263,0.8,23.04469473684211,16.0,7.044694736842107,0.4,17.502463157894738,1.0,31.43,30.43
2024-12-22,24,71.30341052631579,32.0,39.30341052631579,0.8,78.18395789473685,32.0,46.18395789473685,0.8,6.8805473684210625,-2.06,65.47,67.53
2024-12-23,24,63.078610526315785,32.0,31.078610526315785,0.8,74.62040000000002,16.0,58.620400000000025,0.4,27.54178947368424,9.12,108.29,99.17
2024-12-24,24,24.44951578947368,32.0,-7.550484210526321,0.8,31.33227146814405,21.05263157894737,10.27963988919668,0.5263157894736842,17.830124099723,78.0,120.95,42.95
2024-12-25,24,24.315200000000004,32.0,-7.684799999999996,0.8,27.611221052631592,16.0,11.611221052631592,0.4,19.296021052631588,75.99,120.53,44.540000000000006
2024-12-26,24,34.62341052631582,32.0,2.6234105263158227,0.8,29.431684210526328,16.0,13.431684210526328,0.4,10.808273684210505,89.64,138.05,48.41000000000001
2024-12-27,24,54.5520210526316,32.0,22.552021052631602,0.8,57.47915789473683,32.0,25.479157894736858,0.8,2.9271368421052557,99.58,158.4,58.82000000000001
2024-12-28,24,34.58065263157893,32.0,2.5806526315789284,0.8,34.7590027700831,21.05263157894737,13.706371191135759,0.5263157894736842,11.12571855955683,102.93,152.0,49.06999999999999
2024-12-29,24,43.24469473684211,32.0,11.244694736842114,0.8,36.496400000000015,16.0,20.496400000000023,0.4,9.251705263157909,71.63,127.39,55.760000000000005
2024-12-30,24,60.57082105263157,32.0,28.570821052631572,0.8,77.49842105263158,32.0,45.498421052631585,0.8,16.927600000000012,35.66,109.97,74.31
2024-12-31,24,64.43197894736842,32.0,32.43197894736842,0.8,87.97867368421052,32.0,55.97867368421053,0.8,23.546694736842106,0.52,83.67,83.15
